feature,mean,median,minimum,maximum,range
mfcc_0,-575.7248900555555,-581.782375,-840.2989,-288.90857,551.39033
mfcc_1,43.01561459969236,43.271443000000005,-15.763602,92.419426,108.18302800000001
mfcc_2,-6.8072197249986095,-6.517773099999999,-53.644497,29.445932,83.090429
mfcc_3,9.110140221661112,8.465940499999999,-16.059706,34.659397,50.719103
mfcc_4,-5.417114898374445,-5.4237177,-31.648159,15.992023,47.640181999999996
mfcc_5,-4.559072668049305,-4.830462300000001,-28.866951,16.860434,45.727385
mfcc_6,-10.817722118179166,-11.304758750000001,-28.207846,6.0938115,34.3016575
mfcc_7,-8.345784712614583,-8.34981775,-28.867641,8.124224,36.991865
mfcc_8,-3.991687440817361,-4.0514312,-25.828417,21.637259,47.465676
mfcc_9,-2.5868711806980556,-2.6712823500000002,-16.020145,17.196274,33.216419
mfcc_10,-4.806990839252292,-5.069049,-18.766317,19.73447,38.500787
mfcc_11,-1.0613573491191668,-1.23487375,-13.871189,20.518148,34.389337
mfcc_12,-2.4978783713493056,-2.61664125,-12.927099,19.124903,32.052002
mfcc_13,-1.2880981557097222,-1.5272546999999999,-14.385439,17.883844,32.269283
mfcc_14,-2.8674677912708337,-2.9990319999999997,-13.830361,12.565074,26.395435
mfcc_15,-2.0673257165204166,-2.430193,-11.257236,18.767698,30.024934000000002
mfcc_16,-1.2589755591126388,-1.4177629,-10.096663,19.71929,29.815953
mfcc_17,-1.1919997692981945,-1.46297925,-11.466959,22.684372,34.151331
mfcc_18,-1.4420137743926875,-2.06452335,-10.525426,18.75956,29.284986
mfcc_19,-0.718096580353889,-1.0726149999999999,-9.691875,13.5648985,23.2567735
mfcc_20,-0.9120799199395833,-1.2858775,-10.102377,14.662706,24.765083
mfcc_21,-0.33109094486354157,-0.6344093,-8.239179,15.597642,23.836821
mfcc_22,0.10489849784729169,-0.285687475,-9.157192,18.107405,27.264597000000002
mfcc_23,0.6815899677643751,0.343791575,-6.457459,18.454758,24.912217000000002
mfcc_24,0.6168932639915277,0.2078967,-5.9922376,16.475832,22.4680696
mfcc_25,1.5852856964070832,1.22272105,-5.4220867,14.553021,19.9751077
mfcc_26,1.0335828695587985,0.66761912,-7.918572,13.495996,21.414568
mfcc_27,1.5488623152127776,1.2709855,-7.4575124,15.350294,22.8078064
mfcc_28,1.1946257364449098,0.733818635,-6.616487,15.0522995,21.6687865
mfcc_29,1.680887184507639,1.2740734,-5.3271203,13.711304,19.0384243
mfcc_30,1.5615541778348612,1.07354165,-5.237276,13.228384,18.46566
mfcc_31,1.7867933110385903,1.4176018,-5.8268456,13.475616,19.3024616
mfcc_32,1.4322271598454859,1.16852095,-8.097954,11.622271,19.720225
mfcc_33,0.9212006806647222,0.66650207,-6.4109364,12.104616,18.5155524
mfcc_34,0.3410743237434028,0.17506754,-6.222652,13.358637,19.581288999999998
mfcc_35,0.7484587722138889,0.5493944500000001,-5.225554,11.877157,17.102711
mfcc_36,0.8440278897043555,0.63106365,-5.215891,10.805121,16.021012
mfcc_37,0.8941536637456251,0.74829335,-5.235273,8.772325,14.007598000000002
mfcc_38,0.34793579221104165,0.24795433,-4.9746127,8.140925,13.115537699999999
mfcc_39,-0.11408629348125003,-0.24850603000000002,-5.7725887,6.277636,12.050224700000001
chroma_0,0.5848059349930556,0.58959367,0.33639997,0.7788497,0.44244973
chroma_1,0.5840871211597223,0.590283965,0.29852974,0.784093,0.48556326000000005
chroma_2,0.5856617623680556,0.5924184,0.2588916,0.80584514,0.54695354
chroma_3,0.6022247789444445,0.61305092,0.2671893,0.8352587,0.5680694
chroma_4,0.6205438501041667,0.637670605,0.35277233,0.8429595,0.49018716999999995
chroma_5,0.6471547888333333,0.66726083,0.3692463,0.85605645,0.48681014999999994
chroma_6,0.6566882627569445,0.6704856450000001,0.3365639,0.84114647,0.50458257
chroma_7,0.6774771762291666,0.68864668,0.36067867,0.87023467,0.509556
chroma_8,0.6885544071458333,0.698068265,0.40681177,0.86762846,0.46081669000000003
chroma_9,0.6791256047500001,0.69389278,0.41303772,0.8593091,0.44627138000000005
chroma_10,0.6797790575555556,0.6905978500000001,0.40186137,0.86044115,0.45857978
chroma_11,0.6429259985694445,0.65011302,0.41196662,0.82877785,0.41681123000000003
mel_0,0.12625026441371498,6.08105285e-05,1.3613969e-07,19.25277,19.252769863860312
mel_1,0.004266013386080639,5.07726835e-05,2.1121708e-07,1.001267,1.0012667887829199
mel_2,0.0010093501841040278,0.000135139265,1.5258986e-07,0.039080888,0.039080735410140004
mel_3,0.005037864175160351,0.000363844785,6.6129616e-08,0.2337189,0.233718833870384
mel_4,0.011999003920209793,0.00051413127,6.355432e-08,0.21919464,0.21919457644568
mel_5,0.03796389412266826,0.0033033119,4.705159e-07,1.1065867,1.1065862294841
mel_6,0.08237571576331668,0.0128033915,5.758838e-06,2.047947,2.0479412411620004
mel_7,0.08294011940783298,0.0195874075,9.094676e-06,2.1915147,2.191505605324
mel_8,0.16351740030669581,0.0397419985,2.8500242e-05,5.6105237,5.610495199758
mel_9,0.2356050262758639,0.0523098725,3.133117e-05,7.786812,7.7867806688300005
mel_10,0.259284733004066,0.04446582,3.8475962e-05,7.698067,7.698028524038
mel_11,0.32978994540695283,0.045030988,5.7211528e-05,9.053029,9.052971788472
mel_12,0.2877623485629791,0.033517479,9.478982e-06,20.098955,20.098945521018
mel_13,0.29627897853550833,0.030228314,1.2924066e-05,9.623913,9.623900075934
mel_14,0.34977077932431805,0.036525917500000005,2.5152058e-05,24.17857,24.178544847942
mel_15,0.4557990734523264,0.044147033,8.087763e-05,47.37344,47.373359122370005
mel_16,0.6851264944272014,0.07010654699999999,0.0001783618,63.515186,63.5150076382
mel_17,0.553092066614698,0.06258100750000001,0.000108735105,64.28817,64.28806126489499
mel_18,0.4808486174928229,0.05885691,8.632497e-05,55.435856,55.43576967503
mel_19,0.6140439570377527,0.0695299505,5.169453e-05,140.3153,140.31524830547002
mel_20,0.6224180877732167,0.073821385,5.0821902e-05,128.7722,128.772149178098
mel_21,0.4786954626712805,0.0532463465,3.633566e-05,33.93415,33.93411366434
mel_22,0.6075086624964597,0.0547808175,3.2784726e-05,21.153057,21.153024215274
mel_23,0.6046912224827611,0.051264495,3.647353e-05,22.146255,22.14621852647
mel_24,0.5631175042144368,0.044997435,4.4757344e-05,28.396767,28.396722242656
mel_25,0.6822283575345479,0.0552523115,3.0717383e-05,43.443882,43.443851282617004
mel_26,0.7556208601037153,0.053612796000000004,1.3099279e-05,76.57242,76.57240690072099
mel_27,0.6191607708407584,0.038263453,1.3200773e-05,43.827496,43.827482799227
mel_28,0.8446031448608686,0.0515888485,2.061818e-05,69.83936,69.83933938182
mel_29,0.7374113899914269,0.037181657,6.2282197e-06,125.59789,125.5978837717803
mel_30,0.7626612270357764,0.0274117675,8.903281e-06,152.86758,152.867571096719
mel_31,0.9566056647726885,0.031851109,1.11268555e-05,154.03363,154.0336188731445
mel_32,0.7034714158944072,0.0239733695,7.5163243e-06,172.21904,172.2190324836757
mel_33,0.43049466053734525,0.017834937000000002,4.1301782e-06,55.79731,55.797305869821805
mel_34,0.37142529430407784,0.017230645000000003,3.0099945e-06,33.066875,33.0668719900055
mel_35,0.2796717405474562,0.013690283000000001,1.4986483e-06,16.456667,16.4566655013517
mel_36,0.27280178275290123,0.0104473285,1.615384e-06,27.557543,27.557541384616
mel_37,0.2542582020418528,0.0092857595,1.3361027e-06,21.039248,21.039246663897302
mel_38,0.28051230172581304,0.009245488,1.1076004e-06,26.923477,26.923475892399598
mel_39,0.31205968374257365,0.0088486765,1.0277641e-06,33.24192,33.2419189722359
mel_40,0.5462736771614947,0.0107706565,1.7070352e-06,77.679596,77.67959429296481
mel_41,0.5054009385029576,0.012293297,1.2724219e-06,48.217365,48.2173637275781
mel_42,0.42799314629078994,0.011051604,1.4833901e-06,45.581043,45.5810415166099
mel_43,0.4125670449348595,0.0114318965,1.367695e-06,48.18373,48.183728632305
mel_44,0.4656950980874766,0.009258636,8.6708195e-07,72.42996,72.42995913291804
mel_45,0.4259251895668916,0.0080027645,7.7615715e-07,73.0213,73.02129922384285
mel_46,0.4272829538372878,0.008715665000000001,6.782444e-07,56.072426,56.0724253217556
mel_47,0.36684377463311907,0.011411122,1.8899858e-06,32.80573,32.80572811001419
mel_48,0.35637603849813365,0.0123443345,3.835446e-06,51.306095,51.306091164554
mel_49,0.3063182529011948,0.010251036500000001,2.9755954e-06,47.196552,47.1965490244046
mel_50,0.2096056644782822,0.008051146499999998,1.7680892e-06,20.850424,20.8504222319108
mel_51,0.21025510155140847,0.00680731315,7.8793346e-07,21.904238,21.90423721206654
mel_52,0.18225969605422307,0.006116977149999999,4.6661097e-07,14.196146,14.19614553338903
mel_53,0.19622791588870991,0.0058365555,1.0143482e-06,14.188965,14.1889639856518
mel_54,0.19888979511068033,0.005736458349999999,1.4639415e-06,22.99009,22.990088536058497
mel_55,0.1874866906704868,0.00511669725,4.44477e-06,40.90686,40.90685555523
mel_56,0.16520101891097264,0.0049441285,2.1046021e-06,14.119722,14.1197198953979
mel_57,0.14682327280530402,0.00450552385,2.1531678e-06,13.549098,13.5490958468322
mel_58,0.12466841732649042,0.00389212875,3.1212505e-06,9.66125,9.6612468787495
mel_59,0.11236417492271437,0.00376455825,2.0571306e-06,8.84836,8.8483579428694
mel_60,0.09189436746005,0.0036415872,2.128154e-06,8.222037,8.222034871846
mel_61,0.08280839419373821,0.0036025348,2.1998312e-06,5.1727986,5.1727964001688
mel_62,0.0945103790547329,0.00337979925,2.5447193e-06,23.305298,23.3052954552807
mel_63,0.0960474307495725,0.0030583071,2.1092703e-06,38.17331,38.1733078907297
mel_64,0.07530436501405326,0.0027940688,2.3306502e-06,6.176114,6.1761116693498
mel_65,0.06465314426215214,0.0023720745,9.497985e-07,4.941935,4.9419340502015
mel_66,0.07021311500964131,0.00233850015,1.5743798e-06,6.450013,6.4500114256202
mel_67,0.06534219129297417,0.0022780778,2.8332897e-06,7.6556454,7.6556425667103
mel_68,0.060470848918715486,0.0019911766,2.7555166e-06,6.062007,6.062004244483401
mel_69,0.057126219819099176,0.0016630017000000001,2.6646692e-06,9.457807,9.4578043353308
mel_70,0.043581678181981665,0.0015949376,2.1154033e-06,3.342559,3.3425568845967
mel_71,0.034996903683125906,0.0013730954,2.5641505e-06,1.6428835,1.6428809358495
mel_72,0.03475166002929729,0.0011620783,1.5213599e-06,2.5347798,2.5347782786401
mel_73,0.035585565428112156,0.0011285594,1.1265546e-06,3.5968013,3.5968001734454003
mel_74,0.03818152923284979,0.00105274605,1.2473056e-06,6.232158,6.2321567526944
mel_75,0.036128901804417565,0.00104188265,8.473598e-07,6.6371512,6.6371503526402
mel_76,0.031438755249233424,0.0011202583,5.5317827e-07,2.313161,2.31316044682173
mel_77,0.03524608202940349,0.0011118172,5.8227823e-07,1.8762381,1.8762375177217698
mel_78,0.03288859091070528,0.0010455464,4.49081e-07,2.1910253,2.1910248509190002
mel_79,0.03481189198125887,0.00114387305,1.4747891e-07,5.400625,5.40062485252109
mel_80,0.03597722380409527,0.0011180911500000001,2.9384464e-07,4.542851,4.54285070615536
mel_81,0.03390356805651532,0.00097962655,4.561714e-07,3.0053132,3.0053127438285996
mel_82,0.03401781196751099,0.00090918595,2.6893505e-07,2.455925,2.4559247310649504
mel_83,0.030913714277918152,0.0009065975249999999,3.5509473e-07,2.4796462,2.47964584490527
mel_84,0.027654999653431833,0.0008177338,3.4079417e-07,1.5980308,1.59803045920583
mel_85,0.029112114422514154,0.0007699082850000001,4.5470955e-07,2.759588,2.75958754529045
mel_86,0.028357069334778332,0.00074193697,2.724221e-07,2.4082797,2.4082794275779
mel_87,0.02921271222634028,0.0007414340249999999,3.9775793e-07,2.7749565,2.77495610224207
mel_88,0.026349513390017894,0.00065991645,4.1537427e-07,4.5203543,4.52035388462573
mel_89,0.02628463001298378,0.00064825069,4.8948874e-07,5.7486267,5.74862621051126
mel_90,0.023133817695078503,0.00069550068,7.43981e-07,3.1697116,3.169710856019
mel_91,0.024219189752082367,0.0006859139,6.5490997e-07,4.2069583,4.20695764509003
mel_92,0.027076570121147597,0.00066238452,4.095004e-07,6.21062,6.2106195904996
mel_93,0.023374867954609024,0.0006149504,3.18778e-07,1.7715396,1.771539281222
mel_94,0.018709368177858007,0.000590513695,3.5329023e-07,1.8963872,1.89638684670977
mel_95,0.016339545319555438,0.00056832368,4.8221546e-07,1.0357229,1.0357224177845399
mel_96,0.013819131115143471,0.00046297218999999997,9.325481e-07,0.80258274,0.8025818074519
mel_97,0.010985173581452084,0.00043973965,1.0639084e-06,0.8087782,0.8087771360916
mel_98,0.009193343255945485,0.0003657893,1.5705502e-06,0.65925825,0.6592566794498
mel_99,0.008556241361431736,0.00035135551500000003,1.9291233e-06,0.6645149,0.6645129708767
mel_100,0.006743163528489514,0.00033475925499999997,1.4091377e-06,0.79804623,0.7980448208623
mel_101,0.006083887948457013,0.00035045591,9.319329e-07,0.54613763,0.5461366980671001
mel_102,0.005401574087039514,0.00034966899,1.2567882e-06,0.34396416,0.3439629032118
mel_103,0.00491177130351375,0.00033734989,1.298627e-06,0.33204773,0.332046431373
mel_104,0.0043716512951830905,0.000330845765,5.306477e-07,0.47391757,0.4739170393523
mel_105,0.003960774447659743,0.00031594432499999997,1.7544073e-07,0.23398787,0.23398769455927
mel_106,0.003969553535196021,0.00029976704999999995,2.9589657e-07,0.23842217,0.23842187410343
mel_107,0.00362519830633525,0.000299485145,5.5554636e-07,0.2858054,0.28580484445363996
mel_108,0.003441584098129375,0.00030283732,6.985061e-07,0.41415277,0.4141520714939
mel_109,0.0032030169573690624,0.00030691187,7.6776655e-07,0.27296194,0.27296117223345
mel_110,0.0030883089590377087,0.00031729059,5.085914e-07,0.24362196,0.2436214514086
mel_111,0.00281133719564157,0.00031329125,7.767247e-07,0.15534998,0.1553492032753
mel_112,0.0028008990212944796,0.000333984265,4.8063976e-07,0.24589762,0.24589713936024002
mel_113,0.0025447757999290275,0.000340041715,5.012708e-07,0.20655777,0.2065572687292
mel_114,0.0023343478928746528,0.0003524875,4.5432867e-07,0.18781692,0.18781646567133
mel_115,0.0024274452379079237,0.00033928131000000004,3.8499914e-07,0.3866761,0.38667571500086
mel_116,0.0021607188593959097,0.00031495869999999997,1.1820383e-07,0.23679103,0.23679091179617
mel_117,0.0017742287073123195,0.000277588175,1.2577974e-07,0.12100943,0.12100930422026
mel_118,0.001473110624962278,0.00024046623499999998,1.2229543e-07,0.08424676,0.08424663770457
mel_119,0.0012228131803708265,0.000214191805,1.5989312e-07,0.06426283,0.06426267010688001
mel_120,0.0011440712395566735,0.000197728775,1.2190718e-07,0.062594004,0.06259388209281999
mel_121,0.000984068596206514,0.000180845365,1.6806212e-07,0.03735383,0.03735366193788
mel_122,0.0008975609120395277,0.000161474555,1.762152e-07,0.028098188,0.0280980117848
mel_123,0.0008116110600682291,0.00012914768,1.4372473e-07,0.052354645,0.05235450127527
mel_124,0.0006645724083163403,0.00011134024200000001,9.240703e-08,0.02260625,0.02260615759297
mel_125,0.0005739658278036737,9.59823155e-05,7.045629e-08,0.015303823,0.01530375254371
mel_126,0.0005379884175361791,8.885598450000001e-05,5.9166563e-08,0.017605793,0.017605733833437002
mel_127,0.0004767194336829118,7.43515975e-05,5.5157663e-08,0.016786417,0.016786361842337002
