feature,outlier_count,outlier_percentage
mel_0,297,20.625
mel_66,251,17.430555555555554
mel_78,251,17.430555555555554
mel_1,250,17.36111111111111
mel_57,248,17.22222222222222
mel_84,246,17.083333333333332
mel_58,245,17.01388888888889
mel_83,245,17.01388888888889
mel_86,244,16.944444444444446
mel_45,244,16.944444444444446
mel_47,243,16.875
mel_82,243,16.875
mel_30,243,16.875
mel_85,242,16.805555555555557
mel_37,242,16.805555555555557
mel_72,241,16.73611111111111
mel_71,241,16.73611111111111
mel_97,241,16.73611111111111
mel_60,240,16.666666666666664
mel_54,240,16.666666666666664
mel_98,240,16.666666666666664
mel_100,240,16.666666666666664
mel_81,240,16.666666666666664
mel_76,240,16.666666666666664
mel_99,239,16.59722222222222
mel_79,238,16.52777777777778
mel_89,238,16.52777777777778
mel_44,238,16.52777777777778
mel_101,238,16.52777777777778
mel_75,238,16.52777777777778
mel_73,237,16.458333333333332
mel_70,237,16.458333333333332
mel_68,237,16.458333333333332
mel_32,236,16.38888888888889
mel_65,236,16.38888888888889
mel_77,236,16.38888888888889
mel_96,236,16.38888888888889
mel_49,236,16.38888888888889
mel_95,235,16.319444444444446
mel_93,235,16.319444444444446
mel_91,235,16.319444444444446
mel_50,235,16.319444444444446
mel_61,235,16.319444444444446
mel_90,235,16.319444444444446
mel_53,234,16.25
mel_69,234,16.25
mel_88,234,16.25
mel_56,234,16.25
mel_52,233,16.180555555555557
mel_55,232,16.11111111111111
mel_87,232,16.11111111111111
mel_42,232,16.11111111111111
mel_46,232,16.11111111111111
mel_67,232,16.11111111111111
mel_48,231,16.041666666666668
mel_43,231,16.041666666666668
mel_31,231,16.041666666666668
mel_74,229,15.902777777777777
mel_40,229,15.902777777777777
mel_38,229,15.902777777777777
mel_102,229,15.902777777777777
mel_39,229,15.902777777777777
mel_64,229,15.902777777777777
mel_59,229,15.902777777777777
mel_26,229,15.902777777777777
mel_80,229,15.902777777777777
mel_23,228,15.833333333333332
mel_29,227,15.76388888888889
mel_62,227,15.76388888888889
mel_92,226,15.694444444444445
mel_34,226,15.694444444444445
mel_36,226,15.694444444444445
mel_41,225,15.625
mel_63,225,15.625
mel_94,225,15.625
mel_22,224,15.555555555555555
mel_24,224,15.555555555555555
mel_35,224,15.555555555555555
mel_33,224,15.555555555555555
mel_25,222,15.416666666666668
mel_27,222,15.416666666666668
mel_51,222,15.416666666666668
mel_21,219,15.208333333333332
mel_14,218,15.138888888888888
mel_16,217,15.069444444444443
mel_103,217,15.069444444444443
mel_5,215,14.930555555555555
mel_4,214,14.86111111111111
mel_12,213,14.791666666666666
mel_15,213,14.791666666666666
mel_28,212,14.722222222222223
mel_3,210,14.583333333333334
mel_11,210,14.583333333333334
mel_104,208,14.444444444444443
mel_107,205,14.23611111111111
mel_13,204,14.166666666666666
mel_106,204,14.166666666666666
mel_110,204,14.166666666666666
mel_10,200,13.88888888888889
mel_20,199,13.819444444444445
mel_121,198,13.750000000000002
mel_19,198,13.750000000000002
mel_17,197,13.680555555555557
mel_105,197,13.680555555555557
mel_111,196,13.61111111111111
mel_120,195,13.541666666666666
mel_127,194,13.472222222222221
mel_9,193,13.402777777777777
mel_124,191,13.26388888888889
mel_126,191,13.26388888888889
mel_122,191,13.26388888888889
mel_108,190,13.194444444444445
mel_125,189,13.125
mel_119,189,13.125
mel_113,189,13.125
mel_117,189,13.125
mel_109,189,13.125
mel_115,188,13.055555555555557
mel_112,188,13.055555555555557
mel_118,188,13.055555555555557
mel_114,186,12.916666666666668
mel_2,184,12.777777777777777
mel_116,183,12.708333333333332
mel_18,182,12.63888888888889
mel_6,179,12.430555555555555
mel_7,179,12.430555555555555
mel_123,179,12.430555555555555
mel_8,176,12.222222222222221
mfcc_18,56,3.888888888888889
mfcc_22,53,3.680555555555556
mfcc_15,43,2.986111111111111
mfcc_12,40,2.7777777777777777
mfcc_23,39,2.7083333333333335
mfcc_11,36,2.5
mfcc_25,34,2.361111111111111
mfcc_19,34,2.361111111111111
mfcc_29,32,2.2222222222222223
mfcc_21,29,2.013888888888889
mfcc_10,28,1.9444444444444444
mfcc_32,28,1.9444444444444444
mfcc_31,28,1.9444444444444444
mfcc_33,28,1.9444444444444444
mfcc_20,27,1.875
mfcc_17,25,1.7361111111111112
mfcc_16,23,1.597222222222222
mfcc_24,22,1.5277777777777777
mfcc_13,22,1.5277777777777777
mfcc_34,22,1.5277777777777777
mfcc_35,22,1.5277777777777777
mfcc_36,22,1.5277777777777777
mfcc_30,21,1.4583333333333333
mfcc_8,20,1.3888888888888888
mfcc_2,19,1.3194444444444444
mfcc_37,19,1.3194444444444444
mfcc_27,18,1.25
mfcc_28,18,1.25
mfcc_14,17,1.1805555555555556
mfcc_5,17,1.1805555555555556
mfcc_39,14,0.9722222222222222
mfcc_26,12,0.8333333333333334
mfcc_38,11,0.7638888888888888
mfcc_7,9,0.625
mfcc_1,9,0.625
chroma_0,7,0.4861111111111111
mfcc_9,5,0.3472222222222222
chroma_10,4,0.2777777777777778
chroma_11,4,0.2777777777777778
mfcc_4,3,0.20833333333333334
chroma_1,3,0.20833333333333334
chroma_9,3,0.20833333333333334
chroma_2,2,0.1388888888888889
mfcc_0,2,0.1388888888888889
chroma_7,2,0.1388888888888889
chroma_6,2,0.1388888888888889
chroma_8,2,0.1388888888888889
chroma_3,1,0.06944444444444445
chroma_5,1,0.06944444444444445
chroma_4,0,0.0
mfcc_3,0,0.0
mfcc_6,0,0.0
