feature,skewness
mel_63,34.58366040407604
mel_20,27.499201111909557
mel_62,27.11626087716052
mel_89,24.305016697779344
mel_55,23.801572184290464
mel_32,23.38979239510757
mel_92,22.982781031910214
mel_19,21.778601906626495
mel_115,20.30986301237413
mel_75,19.653011464068843
mel_88,19.051498882784358
mel_91,18.771589310325684
mel_29,18.763701173062877
mel_30,18.726647077485147
mel_1,18.073536734411064
mel_74,17.71018840735733
mel_45,17.520754012929572
mel_69,17.49029448187909
mel_79,17.273841248335312
mel_49,16.354160516515673
mel_116,16.00666711792095
mel_31,15.6527243042209
mel_90,15.544020785202369
mel_48,14.907387160398155
mel_44,14.893677068231636
mel_100,14.656921372443616
mel_26,14.313410723834394
mel_18,14.139463804284484
mel_108,14.067572803874473
mel_80,14.062838247348413
mel_0,14.012376867309422
mel_33,13.996905666219089
mel_40,13.672380400548105
mel_46,13.612312936488918
mel_17,13.295798213654706
mel_15,13.219468565841272
mel_39,13.201108470441222
mel_43,13.03027517982467
mel_104,12.995811563757043
mel_67,12.969927661874088
mel_114,12.513940560486528
mel_50,12.51046047197721
mel_73,12.423577883200137
mel_42,12.360943042938533
mel_54,12.354583973690772
mel_113,12.08346977668443
mel_68,12.060149889587937
mel_36,12.041339603806803
mel_51,12.030403847562436
mel_16,11.918546834760571
mel_34,11.367612624431038
mel_66,11.330763635495114
mel_112,11.280150797831517
mel_60,11.264061171599826
mel_109,11.202676649102948
mel_117,11.167786458558801
mel_94,11.082320504926917
mel_110,11.066127971649943
mel_41,10.978709268086389
mel_56,10.969114457562208
mel_38,10.896527594665088
mel_101,10.865269733165677
mel_58,10.844522182318912
mel_28,10.76814632855235
mel_57,10.641346743435474
mel_47,10.597292541657753
mel_107,10.476838349095011
mel_85,10.43724218472084
mel_37,10.340619482367158
mel_64,10.338488557066084
mel_123,10.130123547966463
mel_81,10.081829336634822
mel_59,10.066997118395761
mel_21,10.038952266816509
mel_87,9.922008150252394
mel_12,9.854692420993064
mel_118,9.797522025045954
mel_120,9.646748121378627
mel_83,9.627604693510296
mel_52,9.558184580939297
mel_14,9.493280833235708
mel_86,9.461599614252501
mel_119,9.447392420394776
mel_65,9.34065656486621
mel_93,9.33839185834906
mel_72,9.326752420524775
mel_111,9.2630615220884
mel_99,9.190379363625027
mel_70,9.106034423413107
mel_82,9.086496366793181
mel_27,9.058818371179866
mel_97,9.017104609230074
mel_61,8.941106770379411
mel_76,8.839611273409577
mel_78,8.79205671341553
mel_98,8.749868292838896
mel_106,8.685144563490292
mel_103,8.667389069330111
mel_95,8.322130241026947
mel_102,8.222114833420632
mel_25,8.154787641274567
mel_84,8.117848261098741
mel_53,8.069205346308518
mel_96,8.042109366199233
mel_3,7.936487494726616
mel_35,7.855769274373795
mel_105,7.58907035614857
mel_77,7.356035549353044
mel_24,7.297343552748632
mel_71,6.862361206882852
mel_121,6.5977121794017055
mel_2,6.585026150564345
mel_8,6.367647195104537
mel_9,6.224393530386462
mel_122,5.871135149254878
mel_126,5.868464526936258
mel_7,5.807233334634253
mel_127,5.761008595309408
mel_5,5.750211872995053
mel_23,5.599874952312682
mel_13,5.57804903480932
mel_124,5.513148820241378
mel_10,5.467150019107585
mel_11,5.381707916188355
mel_22,5.343640163601496
mel_125,5.034541634121433
mel_6,4.984757244572961
mel_4,3.8419168700671933
mfcc_12,1.1992858656542726
mfcc_18,1.1941455077090457
mfcc_15,1.1259457545685343
mfcc_22,0.9806388835873833
mfcc_23,0.9063921455047244
mfcc_17,0.87294974198985
mfcc_16,0.8638791324985798
mfcc_19,0.8443340061175834
mfcc_24,0.8357357613751845
mfcc_20,0.7898666567543491
mfcc_25,0.7880075593077218
mfcc_29,0.7347717049811965
mfcc_35,0.7095218496481432
mfcc_28,0.6683479524518766
mfcc_30,0.6588799603339794
mfcc_31,0.65266932515708
mfcc_21,0.6477201536025946
mfcc_36,0.6042764559465965
mfcc_10,0.6016410260552224
mfcc_11,0.5975760545383408
mfcc_33,0.5917591927883643
mfcc_13,0.582436660147384
mfcc_34,0.5822470196465247
mfcc_27,0.5799972335391377
mfcc_26,0.5751049654245884
chroma_5,-0.5362772295838631
mfcc_32,0.5164131310028895
chroma_10,-0.49863166723706015
chroma_6,-0.4852998633567314
chroma_9,-0.4833597538810609
mfcc_37,0.4746910280065685
chroma_7,-0.4660648116100045
chroma_8,-0.45451649584756176
chroma_4,-0.4097564560924276
chroma_11,-0.3953125132307665
mfcc_0,0.3436502826251571
chroma_3,-0.3237063907058249
mfcc_1,-0.29692253581611433
mfcc_14,0.29651486509088143
mfcc_38,0.2937016287569904
mfcc_39,0.29368988886950065
chroma_1,-0.2791875483914613
chroma_0,-0.262338244622013
chroma_2,-0.24574718946156837
mfcc_2,-0.24035266078095688
mfcc_4,-0.14915399692691428
mfcc_6,0.12437688313341576
mfcc_9,0.10666235293454053
mfcc_7,-0.0968334211407976
mfcc_3,0.06794920030854258
mfcc_8,-0.03968566957032604
mfcc_5,0.0343392055147229
