feature_1,feature_2,correlation,absolute_correlation
mel_109,mel_110,0.9650109684308826,0.9650109684308826
mel_91,mel_92,0.9632040101221848,0.9632040101221848
mel_88,mel_89,0.9614758504301177,0.9614758504301177
mel_120,mel_121,0.9536198012368173,0.9536198012368173
mel_113,mel_114,0.9477526715390002,0.9477526715390002
mel_112,mel_113,0.9467192790462852,0.9467192790462852
mel_121,mel_122,0.9455621479280782,0.9455621479280782
mel_126,mel_127,0.9450563201457157,0.9450563201457157
mel_124,mel_125,0.9440709250316349,0.9440709250316349
mel_118,mel_119,0.9397994940930976,0.9397994940930976
mel_125,mel_126,0.937534771077551,0.937534771077551
mel_89,mel_90,0.9355068332759181,0.9355068332759181
mel_62,mel_63,0.9354348465409886,0.9354348465409886
mel_117,mel_118,0.9332072019076697,0.9332072019076697
mel_79,mel_80,0.9310955197793753,0.9310955197793753
mel_116,mel_117,0.9304647785103914,0.9304647785103914
mel_123,mel_124,0.9300027789097414,0.9300027789097414
mel_112,mel_114,0.9296357088390754,0.9296357088390754
chroma_2,chroma_3,0.9290049655555209,0.9290049655555209
mel_119,mel_120,0.925695602505476,0.925695602505476
