file_path,actor_id,actual_emotion,predicted_emotion,prediction_confidence,angry_probability,calm_probability,disgust_probability,fearful_probability,happy_probability,neutral_probability,sad_probability,surprised_probability,inference_time_ms
C:\Users\kamal\Downloads\ml\data\Audio_Speech_Actors_01-24_16k\Actor_04\03-01-04-01-01-02-04.wav,4,sad,happy,0.34078901279711576,0.0781672889141874,0.011742888590720327,0.11191204459685918,0.050513947900088334,0.34078901279711576,0.023970270443717485,0.09181856566189214,0.29108598109541967,0.662704861093112
C:\Users\kamal\Downloads\ml\data\Audio_Speech_Actors_01-24_16k\Actor_23\03-01-02-01-02-01-23.wav,23,calm,calm,0.3868160064228558,0.014356946160856546,0.3868160064228558,0.04646226710388913,0.02755953146520933,0.031503540686972684,0.051878083181620537,0.3812748232855837,0.0601488016930124,0.662704861093112
C:\Users\kamal\Downloads\ml\data\Audio_Speech_Actors_01-24_16k\Actor_19\03-01-03-01-01-01-19.wav,19,happy,fearful,0.3099995860974298,0.007026394552584848,0.21732000587931988,0.053267370101072124,0.17608142272996086,0.3099995860974298,0.10277631866680367,0.07972316261799793,0.05380573935483077,0.662704861093112
C:\Users\kamal\Downloads\ml\data\Audio_Speech_Actors_01-24_16k\Actor_08\03-01-05-02-02-02-08.wav,8,angry,angry,0.8231567538783686,0.8231567538783686,0.0005271948463894818,0.010847372104028906,0.014674073802093445,0.1197055984990061,0.0004296281584762156,0.002418595082219101,0.028240783629418054,0.662704861093112
C:\Users\kamal\Downloads\ml\data\Audio_Speech_Actors_01-24_16k\Actor_22\03-01-01-01-01-02-22.wav,22,neutral,neutral,0.5778479683090291,0.015749238601123636,0.12589957512308494,0.0210763467544691,0.012491519678179432,0.22469426179512839,0.5778479683090291,0.007985593817497586,0.014255495921488184,0.662704861093112
C:\Users\kamal\Downloads\ml\data\Audio_Speech_Actors_01-24_16k\Actor_14\03-01-05-01-02-02-14.wav,14,angry,surprised,0.8701975125712955,0.032418269392166764,0.0005098156576410174,0.03503292358050985,0.012448764833405583,0.023071447516607127,0.0017668429031038669,0.024554423545269963,0.8701975125712955,0.662704861093112
C:\Users\kamal\Downloads\ml\data\Audio_Speech_Actors_01-24_16k\Actor_08\03-01-05-01-01-02-08.wav,8,angry,angry,0.671773088944239,0.671773088944239,0.006945904884812449,0.008522144758643869,0.0016767272721493053,0.06119556804255323,0.005327790702553083,0.002352789404116262,0.24220598599093246,0.662704861093112
C:\Users\kamal\Downloads\ml\data\Audio_Speech_Actors_01-24_16k\Actor_09\03-01-06-02-01-02-09.wav,9,fearful,fearful,0.8507045559011829,0.007447974640004276,0.03299604239524698,0.015254022527906953,0.8507045559011829,0.0073634093774270345,0.009386943824623588,0.06027546940745861,0.016571581926149572,0.662704861093112
C:\Users\kamal\Downloads\ml\data\Audio_Speech_Actors_01-24_16k\Actor_14\03-01-07-01-01-02-14.wav,14,disgust,disgust,0.6750754830890601,0.012318796657373919,0.03576121258750601,0.6750754830890601,0.0013244606221877381,0.027331011855498077,0.17052577400374966,0.01620125093733522,0.06146201024728902,0.662704861093112
C:\Users\kamal\Downloads\ml\data\Audio_Speech_Actors_01-24_16k\Actor_20\03-01-05-02-01-02-20.wav,20,angry,angry,0.5747940073477945,0.5747940073477945,0.024148302093287034,0.023545821577061678,0.23036603886796966,0.08910436017585278,0.00631583623323778,0.03371133843213374,0.018014295272662583,0.662704861093112
C:\Users\kamal\Downloads\ml\data\Audio_Speech_Actors_01-24_16k\Actor_19\03-01-05-02-01-02-19.wav,19,angry,angry,0.5747040251583709,0.5747040251583709,0.02414973518995703,0.02354592953262386,0.23044417778016624,0.08911165688790267,0.0063157142469988685,0.03371475639919262,0.018014004804788087,0.662704861093112
C:\Users\kamal\Downloads\ml\data\Audio_Speech_Actors_01-24_16k\Actor_07\03-01-08-02-02-01-07.wav,7,surprised,fearful,0.7040485010244053,0.004815765972895581,0.000251687133871124,0.005161064973359428,0.7040485010244053,0.039937180035684014,0.00035799855942523725,0.06189878455949139,0.18352901774086836,0.662704861093112
C:\Users\kamal\Downloads\ml\data\Audio_Speech_Actors_01-24_16k\Actor_01\03-01-05-01-01-02-01.wav,1,angry,angry,0.7320234327442249,0.7320234327442249,0.0014044875091578227,0.06121030835038916,0.016531114544075708,0.07177616537269323,0.0013762507035054376,0.028622415087877592,0.08705582568807657,0.662704861093112
C:\Users\kamal\Downloads\ml\data\Audio_Speech_Actors_01-24_16k\Actor_15\03-01-04-02-01-02-15.wav,15,sad,fearful,0.7257173526333793,0.005024833500505367,0.0011870420563177139,0.06308247848757129,0.7257173526333793,0.014200662598909076,0.003323330979918074,0.11287859888128571,0.0745857008621129,0.662704861093112
C:\Users\kamal\Downloads\ml\data\Audio_Speech_Actors_01-24_16k\Actor_21\03-01-08-01-01-02-21.wav,21,surprised,surprised,0.5470552958071689,0.11692242023068573,0.00198687013228992,0.047761786026717566,0.03383915337893177,0.20497970453344713,0.0178668223368828,0.029587947553875844,0.5470552958071689,0.662704861093112
C:\Users\kamal\Downloads\ml\data\Audio_Speech_Actors_01-24_16k\Actor_06\03-01-07-02-02-01-06.wav,6,disgust,surprised,0.45964742531373715,0.011216139783459105,0.005474687608060048,0.08011827765329196,0.0671151619472074,0.35747947506882966,0.008749667333080009,0.010199165292334533,0.45964742531373715,0.662704861093112
C:\Users\kamal\Downloads\ml\data\Audio_Speech_Actors_01-24_16k\Actor_01\03-01-06-02-01-01-01.wav,1,fearful,surprised,0.6322240096502404,0.06628618773705847,0.0021486358485955804,0.008397315630498718,0.04930819539825956,0.2034471129942105,0.0012741713757108955,0.03691437136542638,0.6322240096502404,0.662704861093112
C:\Users\kamal\Downloads\ml\data\Audio_Speech_Actors_01-24_16k\Actor_01\03-01-07-02-01-01-01.wav,1,disgust,disgust,0.6255624557066021,0.21080303751242796,0.0007565581465965791,0.6255624557066021,0.0027257705941020416,0.07423307736486044,0.0006722632836880931,0.0027108782122464304,0.08253595917947658,0.662704861093112
C:\Users\kamal\Downloads\ml\data\Audio_Speech_Actors_01-24_16k\Actor_19\03-01-05-02-02-02-19.wav,19,angry,angry,0.5784196085376188,0.5784196085376188,0.024014037861199884,0.023570765981549117,0.22759089447581485,0.0886229758018459,0.006297518394981994,0.03348724028710807,0.017996958659881494,0.662704861093112
C:\Users\kamal\Downloads\ml\data\Audio_Speech_Actors_01-24_16k\Actor_18\03-01-07-02-02-02-18.wav,18,disgust,happy,0.5793152547771787,0.31189999094661547,0.00022946747915560735,0.06260145853567081,0.003676007331374531,0.5793152547771787,0.0003511567794148829,0.001557005644084072,0.040369658506505764,0.662704861093112
C:\Users\kamal\Downloads\ml\data\Audio_Speech_Actors_01-24_16k\Actor_10\03-01-08-02-01-02-10.wav,10,surprised,fearful,0.8441140749846616,0.020106931345424295,0.001497048994675521,0.006190041556041666,0.8441140749846616,0.08048933622366063,0.0006829253771042513,0.0261587447901999,0.020760896728232434,0.662704861093112
C:\Users\kamal\Downloads\ml\data\Audio_Speech_Actors_01-24_16k\Actor_24\03-01-03-01-02-01-24.wav,24,happy,happy,0.2742958224241424,0.014658956242558238,0.06787109431974886,0.13106964610485972,0.012545727503431765,0.2742958224241424,0.18362181429122088,0.1201616601355646,0.19577527897847316,0.662704861093112
C:\Users\kamal\Downloads\ml\data\Audio_Speech_Actors_01-24_16k\Actor_23\03-01-05-02-01-02-23.wav,23,angry,angry,0.651179447576979,0.651179447576979,0.010714671939223446,0.017198107000146838,0.19529828151488018,0.08204050389313317,0.0031840509952551464,0.016631463806108457,0.02375347327427411,0.662704861093112
C:\Users\kamal\Downloads\ml\data\Audio_Speech_Actors_01-24_16k\Actor_16\03-01-06-01-02-01-16.wav,16,fearful,disgust,0.2607945497143184,0.05359937709640805,0.008076889386766718,0.23864351356877722,0.21701738399097167,0.2607945497143184,0.010771817424194247,0.11484013806284868,0.09625633075571473,0.662704861093112
C:\Users\kamal\Downloads\ml\data\Audio_Speech_Actors_01-24_16k\Actor_03\03-01-02-02-02-02-03.wav,3,calm,calm,0.9362667159433633,0.010035251000767204,0.9362667159433633,0.01694116391689661,0.007000224437865485,0.01474234987200339,0.0027796585338612572,0.008778385717507824,0.003456250577734924,0.662704861093112
C:\Users\kamal\Downloads\ml\data\Audio_Speech_Actors_01-24_16k\Actor_11\03-01-02-02-02-01-11.wav,11,calm,calm,0.8888271262944067,0.005695316524451792,0.8888271262944067,0.012565082072334114,0.002255236775391986,0.007837117951946896,0.01596764549770751,0.06274356715502585,0.0041089077287350916,0.662704861093112
C:\Users\kamal\Downloads\ml\data\Audio_Speech_Actors_01-24_16k\Actor_20\03-01-04-01-02-01-20.wav,20,sad,calm,0.7240930727802464,0.0069851434759466875,0.7240930727802464,0.027300821596724943,0.00572954339459217,0.008285342816904798,0.06572791141101511,0.15066675326937518,0.011211411255195028,0.662704861093112
C:\Users\kamal\Downloads\ml\data\Audio_Speech_Actors_01-24_16k\Actor_13\03-01-07-02-02-01-13.wav,13,disgust,calm,0.3217855790667226,0.017478264092348643,0.3217855790667226,0.3059773409749843,0.009759956475473914,0.0300540792660797,0.1725867328607377,0.12325423525815005,0.019103812005502863,0.662704861093112
C:\Users\kamal\Downloads\ml\data\Audio_Speech_Actors_01-24_16k\Actor_21\03-01-08-02-01-01-21.wav,21,surprised,surprised,0.5609607369009277,0.09201532385868616,0.0012345121355975149,0.00654574095616906,0.153754969333326,0.15573887999774616,0.0017908488029151632,0.027958988014632508,0.5609607369009277,0.662704861093112
C:\Users\kamal\Downloads\ml\data\Audio_Speech_Actors_01-24_16k\Actor_21\03-01-04-01-02-02-21.wav,21,sad,sad,0.6206302727882812,0.05871254250392198,0.05001126081450736,0.13385456175159305,0.010514598267271389,0.04682470894378415,0.057849223992212234,0.6206302727882812,0.021602830938429043,0.662704861093112
C:\Users\kamal\Downloads\ml\data\Audio_Speech_Actors_01-24_16k\Actor_09\03-01-07-02-01-02-09.wav,9,disgust,disgust,0.6727643529110584,0.15031429905678692,0.0312791955630277,0.6727643529110584,0.004917347541314681,0.03815978893380216,0.03528339523038599,0.022614981341516013,0.044666639422107995,0.662704861093112
C:\Users\kamal\Downloads\ml\data\Audio_Speech_Actors_01-24_16k\Actor_13\03-01-03-01-01-02-13.wav,13,happy,happy,0.6802189409777564,0.018462380329729956,0.07587021229663894,0.009290723888841286,0.026717983887490925,0.6802189409777564,0.1286635245973739,0.015947966545155425,0.044828267477013316,0.662704861093112
C:\Users\kamal\Downloads\ml\data\Audio_Speech_Actors_01-24_16k\Actor_17\03-01-03-02-01-01-17.wav,17,happy,happy,0.6085425973430382,0.06421304634258082,0.0018633998781671217,0.009046638519305534,0.02871896787973453,0.6085425973430382,0.001009811015582278,0.009984212655752788,0.2766213263658388,0.662704861093112
C:\Users\kamal\Downloads\ml\data\Audio_Speech_Actors_01-24_16k\Actor_12\03-01-08-02-02-02-12.wav,12,surprised,surprised,0.474617751145123,0.02486457517534922,0.001654275505072963,0.2883169819978826,0.01092671956602948,0.1884328774060778,0.006591738383090912,0.004595080821374447,0.474617751145123,0.662704861093112
C:\Users\kamal\Downloads\ml\data\Audio_Speech_Actors_01-24_16k\Actor_09\03-01-03-01-01-02-09.wav,9,happy,disgust,0.29026043246644134,0.027306294197225713,0.09486130987336264,0.29026043246644134,0.06902182592932893,0.15058629502449833,0.08091399990128682,0.15519455318300512,0.13185528942485103,0.662704861093112
C:\Users\kamal\Downloads\ml\data\Audio_Speech_Actors_01-24_16k\Actor_17\03-01-05-01-02-02-17.wav,17,angry,sad,0.3723109121071555,0.10310969854924569,0.0929205629859172,0.07518479660650605,0.025689911506221554,0.07353606141710238,0.24367759990342522,0.3723109121071555,0.013570456924426207,0.662704861093112
C:\Users\kamal\Downloads\ml\data\Audio_Speech_Actors_01-24_16k\Actor_16\03-01-06-01-01-02-16.wav,16,fearful,fearful,0.4267885594736442,0.013765891175196216,0.09808826755176442,0.15428850939408642,0.4267885594736442,0.06128442585016886,0.04139665480146008,0.1563725833874035,0.04801510836627641,0.662704861093112
C:\Users\kamal\Downloads\ml\data\Audio_Speech_Actors_01-24_16k\Actor_15\03-01-07-02-02-02-15.wav,15,disgust,disgust,0.4245398827123396,0.05827948331330545,0.0046731444670937506,0.4245398827123396,0.09661169160773041,0.19891792532688443,0.004749073362760618,0.04760190081190642,0.1646268983979795,0.662704861093112
C:\Users\kamal\Downloads\ml\data\Audio_Speech_Actors_01-24_16k\Actor_06\03-01-03-01-02-01-06.wav,6,happy,fearful,0.6203097451354631,0.009206654077392963,0.0021294441263947687,0.014040380905934074,0.6203097451354631,0.260061767349934,0.007500824457949446,0.027839675144471013,0.058911508802460356,0.662704861093112
C:\Users\kamal\Downloads\ml\data\Audio_Speech_Actors_01-24_16k\Actor_22\03-01-05-01-01-02-22.wav,22,angry,disgust,0.4954694464936858,0.23151841149703148,0.017808269432272636,0.4954694464936858,0.003382748065317962,0.07131272839258126,0.005501369688260827,0.16512418640142007,0.009882840029429853,0.662704861093112
C:\Users\kamal\Downloads\ml\data\Audio_Speech_Actors_01-24_16k\Actor_08\03-01-07-01-02-02-08.wav,8,disgust,disgust,0.6275803934186486,0.007683581088033074,0.12543956924618135,0.6275803934186486,0.007924543474860813,0.014613863745452179,0.0853259039414446,0.11959282259203002,0.011839322493349843,0.662704861093112
C:\Users\kamal\Downloads\ml\data\Audio_Speech_Actors_01-24_16k\Actor_24\03-01-02-02-02-02-24.wav,24,calm,calm,0.744123490339948,0.010932127399791963,0.744123490339948,0.02182822969229466,0.0053074514166915315,0.043703368360671,0.0992617915050942,0.06477974938479536,0.010063791900713197,0.662704861093112
C:\Users\kamal\Downloads\ml\data\Audio_Speech_Actors_01-24_16k\Actor_17\03-01-05-02-02-01-17.wav,17,angry,angry,0.74247977574818,0.74247977574818,0.01470138315706486,0.014620727067695162,0.10644876344760153,0.08099299445639441,0.004787715903276912,0.01825033886821951,0.017718301351567378,0.662704861093112
C:\Users\kamal\Downloads\ml\data\Audio_Speech_Actors_01-24_16k\Actor_19\03-01-06-02-02-01-19.wav,19,fearful,fearful,0.7447056930584829,0.1302886810356998,0.0014699406613013655,0.037272388381843255,0.7447056930584829,0.04020312045887603,0.000657638766354689,0.011548419777105018,0.03385411786033698,0.662704861093112
C:\Users\kamal\Downloads\ml\data\Audio_Speech_Actors_01-24_16k\Actor_22\03-01-02-01-02-02-22.wav,22,calm,calm,0.6625963052997453,0.007297509741198443,0.6625963052997453,0.02462446023291821,0.012252826408209906,0.08023287379956669,0.12846168387550272,0.07605913626218093,0.008475204380678164,0.662704861093112
C:\Users\kamal\Downloads\ml\data\Audio_Speech_Actors_01-24_16k\Actor_10\03-01-08-01-01-02-10.wav,10,surprised,angry,0.32534028408834437,0.32534028408834437,0.03014182588730941,0.1702523497147432,0.00855776114085876,0.18261991293217916,0.025919135124516383,0.06840574696314655,0.18876298414890189,0.662704861093112
C:\Users\kamal\Downloads\ml\data\Audio_Speech_Actors_01-24_16k\Actor_13\03-01-08-01-01-01-13.wav,13,surprised,surprised,0.4249592402015392,0.011967399462923401,0.014251005635081103,0.33520476506628144,0.06212863490989415,0.09360401951468404,0.004290918271725497,0.05359401693787099,0.4249592402015392,0.662704861093112
C:\Users\kamal\Downloads\ml\data\Audio_Speech_Actors_01-24_16k\Actor_16\03-01-02-02-01-02-16.wav,16,calm,sad,0.35130476365574165,0.03745694749592904,0.13768899775679963,0.35130476365574165,0.0072340031856381526,0.0614904215971131,0.08031374265720613,0.2885191904863166,0.03599193316525598,0.662704861093112
C:\Users\kamal\Downloads\ml\data\Audio_Speech_Actors_01-24_16k\Actor_12\03-01-02-02-01-01-12.wav,12,calm,calm,0.7320742764592544,0.009354516576021552,0.7320742764592544,0.021239612742518118,0.000964346338276368,0.023152721966549262,0.14818173384841174,0.055135153686775136,0.009897638382193437,0.662704861093112
C:\Users\kamal\Downloads\ml\data\Audio_Speech_Actors_01-24_16k\Actor_17\03-01-05-01-02-01-17.wav,17,angry,fearful,0.3209367334042703,0.12614556036225408,0.08373118307298699,0.1775798271046278,0.3209367334042703,0.10015186043760775,0.04247556447615637,0.12269639905877511,0.026282872083321872,0.662704861093112
C:\Users\kamal\Downloads\ml\data\Audio_Speech_Actors_01-24_16k\Actor_10\03-01-05-01-02-01-10.wav,10,angry,disgust,0.411872082425545,0.2160657763384673,0.006587946696133111,0.411872082425545,0.008965242299109171,0.3165395961492582,0.0032939381149646218,0.01181202848070458,0.0248633894958177,0.662704861093112
C:\Users\kamal\Downloads\ml\data\Audio_Speech_Actors_01-24_16k\Actor_23\03-01-04-02-02-01-23.wav,23,sad,calm,0.27279783359825194,0.031703253659356466,0.24772121164159913,0.07111958490528433,0.209419925097411,0.031076866896410787,0.12225294386784055,0.27279783359825194,0.013908380333845486,0.662704861093112
C:\Users\kamal\Downloads\ml\data\Audio_Speech_Actors_01-24_16k\Actor_24\03-01-04-02-01-02-24.wav,24,sad,surprised,0.41958922629496875,0.07057825541006149,0.0011530739146660956,0.06953469443276904,0.015161478005527624,0.04653940938315637,0.004824118146404585,0.37261974441244555,0.41958922629496875,0.662704861093112
C:\Users\kamal\Downloads\ml\data\Audio_Speech_Actors_01-24_16k\Actor_21\03-01-03-02-01-02-21.wav,21,happy,happy,0.856770205480973,0.05724074300780659,0.0013178566513677343,0.004822608085905224,0.010497795619333752,0.856770205480973,0.0015836905358571469,0.005970576697460243,0.0617965239212961,0.662704861093112
C:\Users\kamal\Downloads\ml\data\Audio_Speech_Actors_01-24_16k\Actor_05\03-01-05-02-01-02-05.wav,5,angry,angry,0.5753804302528719,0.5753804302528719,0.024095446828514597,0.02355470461800755,0.23002541669648122,0.08899280464310654,0.006306949142503883,0.033634034073457865,0.018010213745056493,0.662704861093112
C:\Users\kamal\Downloads\ml\data\Audio_Speech_Actors_01-24_16k\Actor_07\03-01-07-01-02-02-07.wav,7,disgust,calm,0.5428277220032912,0.009477070230680602,0.5428277220032912,0.026142401900873198,0.007151228856445467,0.022555080993631613,0.07307311118885441,0.08233610303972627,0.2364372817864971,0.662704861093112
C:\Users\kamal\Downloads\ml\data\Audio_Speech_Actors_01-24_16k\Actor_19\03-01-08-01-02-02-19.wav,19,surprised,neutral,0.23213492128153332,0.014857985755758201,0.03172465951374123,0.09929053153684811,0.13686607598111805,0.11997244666145596,0.17841077140891845,0.1867426078606264,0.23213492128153332,0.662704861093112
C:\Users\kamal\Downloads\ml\data\Audio_Speech_Actors_01-24_16k\Actor_01\03-01-03-02-01-02-01.wav,1,happy,happy,0.6999006226571325,0.020878992862106534,0.038192468486569466,0.04860825395606088,0.007183806786732219,0.6999006226571325,0.005744106616343868,0.08888729109760468,0.09060445753744956,0.662704861093112
C:\Users\kamal\Downloads\ml\data\Audio_Speech_Actors_01-24_16k\Actor_05\03-01-02-02-01-02-05.wav,5,calm,calm,0.38219734450163384,0.009734517771361521,0.30415874748892074,0.18559552955728015,0.38219734450163384,0.012603226143430535,0.026251011600037434,0.032368370359658866,0.047091252577676684,0.662704861093112
C:\Users\kamal\Downloads\ml\data\Audio_Speech_Actors_01-24_16k\Actor_10\03-01-06-01-02-01-10.wav,10,fearful,fearful,0.4813546954679347,0.017354284199054725,0.06578303142064167,0.1784038976920604,0.4813546954679347,0.017615749796047953,0.0186777812400296,0.21397864569418984,0.006831914490041102,0.662704861093112
C:\Users\kamal\Downloads\ml\data\Audio_Speech_Actors_01-24_16k\Actor_13\03-01-07-02-01-01-13.wav,13,disgust,disgust,0.4769956167232968,0.037160647055049956,0.03368762010754874,0.4769956167232968,0.19570751193908278,0.06240824062106635,0.03163070958025443,0.0803226324402532,0.08208702153344755,0.662704861093112
C:\Users\kamal\Downloads\ml\data\Audio_Speech_Actors_01-24_16k\Actor_18\03-01-06-01-01-01-18.wav,18,fearful,disgust,0.4752880755466484,0.026998233107845885,0.004784516451676969,0.4752880755466484,0.22572394905032964,0.13139019265055152,0.0036616970828556228,0.08589341547376747,0.04625992063632423,0.662704861093112
C:\Users\kamal\Downloads\ml\data\Audio_Speech_Actors_01-24_16k\Actor_18\03-01-03-02-01-02-18.wav,18,happy,angry,0.37080070821195793,0.37080070821195793,0.012319801898481185,0.026175253711643597,0.3348381071302822,0.15677409349492877,0.004091160865887452,0.05499565786227144,0.04000521682454708,0.662704861093112
C:\Users\kamal\Downloads\ml\data\Audio_Speech_Actors_01-24_16k\Actor_11\03-01-03-01-01-01-11.wav,11,happy,disgust,0.36688384127762025,0.006564314024380422,0.023054729848042448,0.16189445015375628,0.36688384127762025,0.060864281960483456,0.06693238696752121,0.1545716421833307,0.1592343535848655,0.662704861093112
C:\Users\kamal\Downloads\ml\data\Audio_Speech_Actors_01-24_16k\Actor_19\03-01-08-02-02-01-19.wav,19,surprised,fearful,0.2649896327313524,0.015409586391503341,0.003336866307292059,0.20026804596117934,0.23053250267847977,0.052206771680385185,0.01609111891576442,0.21716547533404343,0.2649896327313524,0.662704861093112
C:\Users\kamal\Downloads\ml\data\Audio_Speech_Actors_01-24_16k\Actor_11\03-01-03-02-01-01-11.wav,11,happy,angry,0.594608967823207,0.594608967823207,0.008462404614217187,0.015902430917240824,0.005881656647122426,0.2673622720513628,0.0015603664438438496,0.025397011705847853,0.08082488979715827,0.662704861093112
C:\Users\kamal\Downloads\ml\data\Audio_Speech_Actors_01-24_16k\Actor_11\03-01-03-01-02-02-11.wav,11,happy,disgust,0.3004897950094826,0.009942438141765273,0.03196441076456986,0.3004897950094826,0.20628260760925743,0.1549193561649,0.15095016739076816,0.09180269372989992,0.05364853118935622,0.662704861093112
C:\Users\kamal\Downloads\ml\data\Audio_Speech_Actors_01-24_16k\Actor_14\03-01-07-01-02-02-14.wav,14,disgust,disgust,0.31781338576849083,0.02716258737262797,0.008628133376824151,0.2510108559462283,0.10228596659859651,0.06425404782938372,0.007324198475342608,0.22152082463250566,0.31781338576849083,0.662704861093112
C:\Users\kamal\Downloads\ml\data\Audio_Speech_Actors_01-24_16k\Actor_06\03-01-08-02-02-01-06.wav,6,surprised,surprised,0.49949200180105824,0.005627323342167429,0.0032216731644149755,0.0415870990956535,0.09538849455712833,0.13428949852903804,0.010865692532886072,0.2095282169776539,0.49949200180105824,0.662704861093112
C:\Users\kamal\Downloads\ml\data\Audio_Speech_Actors_01-24_16k\Actor_03\03-01-01-01-01-02-03.wav,3,neutral,sad,0.330182128030115,0.004968691690301344,0.04456050816928125,0.061202861310659766,0.0734374860605157,0.11142760722029398,0.12377369776977909,0.2504470197490536,0.330182128030115,0.662704861093112
C:\Users\kamal\Downloads\ml\data\Audio_Speech_Actors_01-24_16k\Actor_04\03-01-03-02-01-01-04.wav,4,happy,fearful,0.4222926700671459,0.03495344359500513,0.005860861222479898,0.05772877486591436,0.4222926700671459,0.13781903162547038,0.0066677086712754845,0.07002281534561555,0.26465469460709296,0.662704861093112
C:\Users\kamal\Downloads\ml\data\Audio_Speech_Actors_01-24_16k\Actor_01\03-01-01-01-01-02-01.wav,1,neutral,happy,0.39885024531424856,0.030417986348569084,0.06871506661684566,0.08422818613773098,0.040936839465524615,0.39885024531424856,0.16487706507678726,0.15554083058918272,0.05643378045111114,0.662704861093112
C:\Users\kamal\Downloads\ml\data\Audio_Speech_Actors_01-24_16k\Actor_05\03-01-04-01-01-01-05.wav,5,sad,fearful,0.3475243185436765,0.004445898875887369,0.032806370303894807,0.09619073146428629,0.26421404078401234,0.01142328235911874,0.04892121904950558,0.19447413861961818,0.3475243185436765,0.662704861093112
C:\Users\kamal\Downloads\ml\data\Audio_Speech_Actors_01-24_16k\Actor_05\03-01-03-02-01-02-05.wav,5,happy,happy,0.8270220045962311,0.040187153963458386,0.004787129754519288,0.0029852460256655482,0.009743040290849068,0.8270220045962311,0.002593961658592012,0.00595892143295132,0.10672254227773324,0.662704861093112
C:\Users\kamal\Downloads\ml\data\Audio_Speech_Actors_01-24_16k\Actor_04\03-01-01-01-01-01-04.wav,4,neutral,neutral,0.6682172009551164,0.06401614768532517,0.0267290902134386,0.03243348028070919,0.003972101043773167,0.05506886416803662,0.6682172009551164,0.022970227772076073,0.12659288788152484,0.662704861093112
C:\Users\kamal\Downloads\ml\data\Audio_Speech_Actors_01-24_16k\Actor_07\03-01-05-02-01-01-07.wav,7,angry,angry,0.8514910578193405,0.8514910578193405,0.0012779992547882265,0.011592878624027738,0.06756112285390993,0.041761403642673604,0.0007146044299037058,0.008503915992261853,0.017097017383094253,0.662704861093112
C:\Users\kamal\Downloads\ml\data\Audio_Speech_Actors_01-24_16k\Actor_01\03-01-02-01-02-01-01.wav,1,calm,calm,0.8331854047799253,0.0014206536318556477,0.8331854047799253,0.013447391581270224,0.0031711632137088924,0.035263926277291996,0.0701338551929569,0.03107623244153718,0.012301372881453795,0.662704861093112
C:\Users\kamal\Downloads\ml\data\Audio_Speech_Actors_01-24_16k\Actor_02\03-01-01-01-01-01-02.wav,2,neutral,neutral,0.3400447643085939,0.20205643726385278,0.07500949748590183,0.11657862897184208,0.0030812894488289485,0.06339218938204062,0.3400447643085939,0.03611233954520312,0.16372485359373679,0.662704861093112
C:\Users\kamal\Downloads\ml\data\Audio_Speech_Actors_01-24_16k\Actor_04\03-01-08-02-02-02-04.wav,4,surprised,angry,0.642630559915592,0.642630559915592,0.01196650947155928,0.021534828624991318,0.20531348142226039,0.07998692668184883,0.0031678647090204104,0.01833874998812802,0.017061079186599586,0.662704861093112
C:\Users\kamal\Downloads\ml\data\Audio_Speech_Actors_01-24_16k\Actor_18\03-01-02-01-02-01-18.wav,18,calm,calm,0.5111265785236306,0.06626398399485726,0.5111265785236306,0.06589741490504901,0.006392938493544505,0.048608798626478884,0.13367548706826857,0.1499839157797891,0.018050882608381995,0.662704861093112
C:\Users\kamal\Downloads\ml\data\Audio_Speech_Actors_01-24_16k\Actor_24\03-01-07-02-01-02-24.wav,24,disgust,disgust,0.5094896258097177,0.09495859696478395,0.0007823181103158042,0.5094896258097177,0.033382822436096346,0.12339878495096,0.0010653245067564136,0.0030830339111672573,0.23383949331020212,0.662704861093112
C:\Users\kamal\Downloads\ml\data\Audio_Speech_Actors_01-24_16k\Actor_05\03-01-08-01-02-02-05.wav,5,surprised,surprised,0.4433676953163876,0.018250332582666843,0.014476310703952618,0.033259124568600716,0.010916581203920032,0.4433676953163876,0.014934641209144324,0.04606573728806395,0.4187295771272639,0.662704861093112
C:\Users\kamal\Downloads\ml\data\Audio_Speech_Actors_01-24_16k\Actor_18\03-01-03-01-01-02-18.wav,18,happy,happy,0.4607082426337472,0.0100617884144671,0.14708679044896203,0.13938082346826955,0.10575250630534085,0.4607082426337472,0.017878299301764634,0.09484813085038998,0.02428341857705894,0.662704861093112
C:\Users\kamal\Downloads\ml\data\Audio_Speech_Actors_01-24_16k\Actor_15\03-01-05-02-01-01-15.wav,15,angry,angry,0.972754257948464,0.972754257948464,3.150789184523232e-05,0.0005746226894214651,0.00012512248031578758,0.016531721526630055,3.282318301969383e-05,8.244034230079822e-05,0.009867503938002755,0.662704861093112
C:\Users\kamal\Downloads\ml\data\Audio_Speech_Actors_01-24_16k\Actor_14\03-01-03-02-02-01-14.wav,14,happy,angry,0.4004731121504569,0.4004731121504569,0.019188498993619053,0.01709010495583002,0.2987071231429159,0.2091845497852255,0.0047466195038306175,0.03163717025733105,0.01897282121079062,0.662704861093112
C:\Users\kamal\Downloads\ml\data\Audio_Speech_Actors_01-24_16k\Actor_07\03-01-05-01-01-01-07.wav,7,angry,angry,0.44311919460572735,0.44311919460572735,0.002011323792730542,0.026375876178660638,0.06280726334645764,0.4364889900021433,0.0015606448341474292,0.009983223957906531,0.017653483282226577,0.662704861093112
C:\Users\kamal\Downloads\ml\data\Audio_Speech_Actors_01-24_16k\Actor_05\03-01-04-01-02-02-05.wav,5,sad,calm,0.3200643547028889,0.008974130488487995,0.2362271713169687,0.16279140693342953,0.07386731035282597,0.024593121573860018,0.10833944323523238,0.3200643547028889,0.06514306139630674,0.662704861093112
C:\Users\kamal\Downloads\ml\data\Audio_Speech_Actors_01-24_16k\Actor_18\03-01-08-02-01-02-18.wav,18,surprised,surprised,0.44420021908491264,0.389625223807843,0.0063959276781230985,0.03573996861818814,0.0058844981570610804,0.05542058002846193,0.011674044402699736,0.05105953822271043,0.44420021908491264,0.662704861093112
C:\Users\kamal\Downloads\ml\data\Audio_Speech_Actors_01-24_16k\Actor_11\03-01-05-02-02-02-11.wav,11,angry,angry,0.574687465102956,0.574687465102956,0.02415074654181603,0.02354641938518458,0.23041455553346507,0.08915560405011314,0.006316364519262348,0.03371453365646609,0.01801431121073664,0.662704861093112
C:\Users\kamal\Downloads\ml\data\Audio_Speech_Actors_01-24_16k\Actor_10\03-01-01-01-02-02-10.wav,10,neutral,calm,0.3277683189565962,0.06407180967545403,0.3277683189565962,0.15647438978016093,0.014558708464176588,0.06548713821857473,0.14445066415745492,0.1980404086551084,0.02914856209247445,0.662704861093112
C:\Users\kamal\Downloads\ml\data\Audio_Speech_Actors_01-24_16k\Actor_01\03-01-02-01-01-02-01.wav,1,calm,sad,0.3957760456789352,0.003351260020264888,0.37529405984829123,0.02525736510501774,0.005918135843308048,0.07201916479598888,0.10072559035272656,0.3957760456789352,0.021658378355467574,0.662704861093112
C:\Users\kamal\Downloads\ml\data\Audio_Speech_Actors_01-24_16k\Actor_17\03-01-05-01-01-02-17.wav,17,angry,angry,0.534653198092717,0.534653198092717,0.1399464289106438,0.10544902340991658,0.015059030581804255,0.03223883238502668,0.09173669509565771,0.06934196820703267,0.01157482331720176,0.662704861093112
C:\Users\kamal\Downloads\ml\data\Audio_Speech_Actors_01-24_16k\Actor_10\03-01-03-01-01-02-10.wav,10,happy,fearful,0.4792196457350554,0.012114187088509904,0.0052706380399223,0.046519289132222814,0.39975720659641567,0.4792196457350554,0.001559176898359086,0.023381986814059362,0.03217786969545539,0.662704861093112
C:\Users\kamal\Downloads\ml\data\Audio_Speech_Actors_01-24_16k\Actor_16\03-01-01-01-02-02-16.wav,16,neutral,disgust,0.695706785901078,0.02673153944645231,0.056086451668581214,0.695706785901078,0.0019146881489000575,0.026138723343476583,0.09901654933937609,0.024705211461483946,0.0697000506906518,0.662704861093112
C:\Users\kamal\Downloads\ml\data\Audio_Speech_Actors_01-24_16k\Actor_17\03-01-03-01-02-02-17.wav,17,happy,fearful,0.9491318872548936,0.0027189913854737354,0.0003039641710267168,0.003974219241604677,0.9491318872548936,0.01180046312174813,0.00012350403842400508,0.02585363149815502,0.006093339288674378,0.662704861093112
C:\Users\kamal\Downloads\ml\data\Audio_Speech_Actors_01-24_16k\Actor_17\03-01-08-01-01-01-17.wav,17,surprised,surprised,0.6767148452695234,0.015102139087700035,0.0028163490999042994,0.045351471991200196,0.08032726370398595,0.0779502802807278,0.002885505322672497,0.09885214524428548,0.6767148452695234,0.662704861093112
C:\Users\kamal\Downloads\ml\data\Audio_Speech_Actors_01-24_16k\Actor_07\03-01-03-01-02-02-07.wav,7,happy,fearful,0.6310473503847128,0.006739057911916578,0.0070776498919889515,0.1305407877920137,0.6310473503847128,0.050247268057905276,0.007232270651100559,0.14084845422742315,0.02626716108293909,0.662704861093112
C:\Users\kamal\Downloads\ml\data\Audio_Speech_Actors_01-24_16k\Actor_13\03-01-02-02-01-01-13.wav,13,calm,calm,0.6587232342207654,0.005564827536447486,0.6587232342207654,0.05604420442013,0.01002382161769492,0.05764025599153394,0.11742317923366562,0.08151396768584189,0.013066509293920739,0.662704861093112
C:\Users\kamal\Downloads\ml\data\Audio_Speech_Actors_01-24_16k\Actor_09\03-01-02-02-01-02-09.wav,9,calm,calm,0.9746676129256677,0.0004642893477514886,0.9746676129256677,0.0006305882353516348,0.0038914659262691766,0.0010237023746887204,0.01571548384934099,0.0030391315947763367,0.0005677257461538379,0.662704861093112
C:\Users\kamal\Downloads\ml\data\Audio_Speech_Actors_01-24_16k\Actor_21\03-01-06-02-02-02-21.wav,21,fearful,fearful,0.6023493701868292,0.25912016442338753,0.0140919020640807,0.00909220876274071,0.6023493701868292,0.08462333698199229,0.0026136314411091825,0.013846394019441948,0.014262992120418287,0.662704861093112
C:\Users\kamal\Downloads\ml\data\Audio_Speech_Actors_01-24_16k\Actor_03\03-01-07-01-02-01-03.wav,3,disgust,disgust,0.48628435211852544,0.07698312866545859,0.002939108378918381,0.48628435211852544,0.3503910340432024,0.02817999489957702,0.005149349628295307,0.018646669081588185,0.03142636318443473,0.662704861093112
C:\Users\kamal\Downloads\ml\data\Audio_Speech_Actors_01-24_16k\Actor_09\03-01-06-01-01-01-09.wav,9,fearful,calm,0.7072893388513701,0.004346014248026222,0.7072893388513701,0.012382560098993087,0.034226288805518056,0.013166757662541948,0.21316000542958374,0.008214362177040052,0.0072146727269268626,0.662704861093112
C:\Users\kamal\Downloads\ml\data\Audio_Speech_Actors_01-24_16k\Actor_01\03-01-07-02-01-02-01.wav,1,disgust,disgust,0.6292380923631086,0.09136819145594703,0.0005189378340204491,0.6292380923631086,0.005275346392987749,0.15291727420216197,0.0004929702285228322,0.009347363804471046,0.11084182371877976,0.662704861093112
C:\Users\kamal\Downloads\ml\data\Audio_Speech_Actors_01-24_16k\Actor_02\03-01-04-01-01-02-02.wav,2,sad,sad,0.27819121678565034,0.042337242569877455,0.23892144302204393,0.21217972132514237,0.009791837542822562,0.06344801944007604,0.1102561652677584,0.27819121678565034,0.04487435404662863,0.662704861093112
C:\Users\kamal\Downloads\ml\data\Audio_Speech_Actors_01-24_16k\Actor_12\03-01-05-01-01-01-12.wav,12,angry,angry,0.7075014435355326,0.7075014435355326,0.03990607303016552,0.18210395844495744,0.0008341274536591504,0.027779561896535212,0.019103952722978906,0.009442103993216943,0.013328778922954412,0.662704861093112
C:\Users\kamal\Downloads\ml\data\Audio_Speech_Actors_01-24_16k\Actor_24\03-01-04-01-01-02-24.wav,24,sad,calm,0.49328026443406436,0.0007766368327932572,0.4760156025798105,0.0053051790593286186,0.0027498475443373314,0.0020075415710985025,0.018563251527580177,0.49328026443406436,0.0013016764509873105,0.662704861093112
C:\Users\kamal\Downloads\ml\data\Audio_Speech_Actors_01-24_16k\Actor_15\03-01-08-02-02-02-15.wav,15,surprised,happy,0.7305553959665929,0.024729157208663404,0.0026530854506190975,0.0328051689904895,0.02036379454159312,0.7305553959665929,0.008021499066290521,0.0799866543707941,0.10088524440495764,0.662704861093112
C:\Users\kamal\Downloads\ml\data\Audio_Speech_Actors_01-24_16k\Actor_22\03-01-04-01-02-02-22.wav,22,sad,sad,0.8138929461352439,0.010590464713599975,0.04190560954359202,0.05596758740763541,0.025605849451785897,0.02305940342507398,0.018959124756495468,0.8138929461352439,0.010019014566573536,0.662704861093112
C:\Users\kamal\Downloads\ml\data\Audio_Speech_Actors_01-24_16k\Actor_15\03-01-03-01-02-01-15.wav,15,happy,happy,0.3949306602953658,0.039557781315943535,0.07519806404259036,0.030824309663880736,0.006084853000337806,0.3949306602953658,0.0769478728812165,0.1781341475812722,0.19832231121939328,0.662704861093112
C:\Users\kamal\Downloads\ml\data\Audio_Speech_Actors_01-24_16k\Actor_18\03-01-08-02-02-02-18.wav,18,surprised,surprised,0.5929454623931734,0.17959303488230088,0.0038656585665172547,0.05341640150197777,0.07341945981809253,0.03800340027775123,0.00939626495390566,0.04936031760628121,0.5929454623931734,0.662704861093112
C:\Users\kamal\Downloads\ml\data\Audio_Speech_Actors_01-24_16k\Actor_10\03-01-04-01-01-02-10.wav,10,sad,calm,0.34656175242155673,0.015282299057096113,0.34656175242155673,0.22258522627463675,0.019184731819363372,0.014945976591514034,0.11214123975340061,0.2639401727243825,0.005358601358049636,0.662704861093112
C:\Users\kamal\Downloads\ml\data\Audio_Speech_Actors_01-24_16k\Actor_21\03-01-05-02-01-02-21.wav,21,angry,angry,0.5755163948981854,0.5755163948981854,0.024138951948321247,0.02354739910929165,0.22974857008338448,0.0890269366906772,0.006317267212089932,0.03368730256013886,0.018017177497911537,0.662704861093112
C:\Users\kamal\Downloads\ml\data\Audio_Speech_Actors_01-24_16k\Actor_12\03-01-07-02-01-02-12.wav,12,disgust,surprised,0.39957517213569477,0.024097056116834787,0.0009900330424543627,0.29143093721942004,0.004394865053264163,0.2658846172582821,0.004217220476842739,0.00941009869720683,0.39957517213569477,0.662704861093112
C:\Users\kamal\Downloads\ml\data\Audio_Speech_Actors_01-24_16k\Actor_01\03-01-08-02-02-01-01.wav,1,surprised,fearful,0.737615744685657,0.05071724717763549,0.004154359750575209,0.03366737238698986,0.737615744685657,0.0980333380195232,0.006418667218677193,0.044307489296377685,0.025085781464564416,0.662704861093112
C:\Users\kamal\Downloads\ml\data\Audio_Speech_Actors_01-24_16k\Actor_17\03-01-04-02-02-02-17.wav,17,sad,sad,0.4615020063531405,0.02057946266758854,0.003379717470244196,0.04988841855312859,0.3588803308591143,0.07669592541832869,0.0018742350845865378,0.4615020063531405,0.027199903593868636,0.662704861093112
C:\Users\kamal\Downloads\ml\data\Audio_Speech_Actors_01-24_16k\Actor_22\03-01-07-01-01-02-22.wav,22,disgust,disgust,0.47093482482759064,0.08511721441525862,0.02803334664471724,0.47093482482759064,0.02341589993661982,0.3165745148748337,0.02704219306712378,0.020501477606792756,0.02838052862706324,0.662704861093112
C:\Users\kamal\Downloads\ml\data\Audio_Speech_Actors_01-24_16k\Actor_07\03-01-08-02-01-02-07.wav,7,surprised,fearful,0.39721801974948756,0.043951164619193246,0.0016239265905439368,0.08326992384220509,0.39721801974948756,0.019251403177631264,0.025894097117512768,0.03317961204708523,0.39561185285634054,0.662704861093112
C:\Users\kamal\Downloads\ml\data\Audio_Speech_Actors_01-24_16k\Actor_24\03-01-06-01-01-02-24.wav,24,fearful,fearful,0.5707533878127311,0.027642277682668904,0.003913398081401719,0.025724611736141736,0.5707533878127311,0.06387229363135835,0.003920843519947702,0.1533077433253128,0.1508654442104375,0.662704861093112
C:\Users\kamal\Downloads\ml\data\Audio_Speech_Actors_01-24_16k\Actor_11\03-01-01-01-02-02-11.wav,11,neutral,sad,0.6157758159453743,0.004914751885087959,0.17246605201925855,0.02797995524344002,0.01835573712397172,0.0228224014855476,0.10417577780102334,0.6157758159453743,0.03350950849629625,0.662704861093112
C:\Users\kamal\Downloads\ml\data\Audio_Speech_Actors_01-24_16k\Actor_15\03-01-07-01-01-02-15.wav,15,disgust,disgust,0.4183085052675632,0.04694975647487022,0.045517963913792765,0.4183085052675632,0.006813896788686933,0.2187421662041497,0.04279932146218794,0.10366574175722083,0.11720264813152823,0.662704861093112
C:\Users\kamal\Downloads\ml\data\Audio_Speech_Actors_01-24_16k\Actor_13\03-01-05-02-02-01-13.wav,13,angry,angry,0.5598205744529228,0.5598205744529228,0.02149346059676457,0.022904392584975484,0.24941292795208084,0.09287494716118753,0.0056864088097747624,0.030128821157138067,0.017678467285156242,0.662704861093112
C:\Users\kamal\Downloads\ml\data\Audio_Speech_Actors_01-24_16k\Actor_07\03-01-07-02-02-01-07.wav,7,disgust,disgust,0.4810303162314962,0.12418425608697255,0.0171823962197133,0.4810303162314962,0.008465695008914404,0.04454885791611201,0.053851601923997995,0.0149138385198058,0.25582303809298806,0.662704861093112
C:\Users\kamal\Downloads\ml\data\Audio_Speech_Actors_01-24_16k\Actor_19\03-01-06-01-01-01-19.wav,19,fearful,happy,0.5265353214236184,0.029394540472317463,0.0422223771141123,0.042814403800957364,0.13999487308743136,0.5265353214236184,0.052115113327295924,0.11581790622924744,0.051105464545019935,0.662704861093112
C:\Users\kamal\Downloads\ml\data\Audio_Speech_Actors_01-24_16k\Actor_16\03-01-07-01-02-02-16.wav,16,disgust,disgust,0.6542056145691385,0.027517663520716728,0.02174478094573435,0.6542056145691385,0.007799757388101392,0.17033576884400267,0.022705183559062043,0.018028388751173047,0.07766284242207123,0.662704861093112
C:\Users\kamal\Downloads\ml\data\Audio_Speech_Actors_01-24_16k\Actor_13\03-01-05-01-02-02-13.wav,13,angry,angry,0.8405112172215714,0.8405112172215714,0.0014047439191034485,0.014604503540781343,0.03648087596061105,0.054234286853246015,0.002636133651574861,0.031611899476913244,0.018516339376198815,0.662704861093112
C:\Users\kamal\Downloads\ml\data\Audio_Speech_Actors_01-24_16k\Actor_01\03-01-06-02-02-01-01.wav,1,fearful,fearful,0.4885462610449877,0.37185386872584625,0.015926440944906896,0.01635616629817063,0.4885462610449877,0.0602809426321761,0.0037463697361674315,0.02799736074485672,0.01529258987288808,0.662704861093112
C:\Users\kamal\Downloads\ml\data\Audio_Speech_Actors_01-24_16k\Actor_10\03-01-06-01-01-02-10.wav,10,fearful,disgust,0.6228101540446132,0.05701764191879991,0.09907669432065165,0.6228101540446132,0.009449072998945145,0.022078068678260284,0.015713382388197125,0.14099677360029156,0.03285821205024076,0.662704861093112
C:\Users\kamal\Downloads\ml\data\Audio_Speech_Actors_01-24_16k\Actor_24\03-01-08-01-02-01-24.wav,24,surprised,surprised,0.9040671551571255,0.009645651513610378,0.0003584340435057763,0.014728317828696377,0.00154318673162413,0.06382952149899938,0.0020612667913650394,0.003766466435073869,0.9040671551571255,0.662704861093112
C:\Users\kamal\Downloads\ml\data\Audio_Speech_Actors_01-24_16k\Actor_20\03-01-01-01-01-01-20.wav,20,neutral,calm,0.45865782313875986,0.031275183109029034,0.45865782313875986,0.12504856432682082,0.007600616172121623,0.06219338144507115,0.21597920996844716,0.07695007389692904,0.022295147942822127,0.662704861093112
C:\Users\kamal\Downloads\ml\data\Audio_Speech_Actors_01-24_16k\Actor_19\03-01-02-01-02-02-19.wav,19,calm,calm,0.5519044190831276,0.012447272424604233,0.5519044190831276,0.015305473136780708,0.03268510041395888,0.011392209374299965,0.09615121174415409,0.26593696116964277,0.014177352653432037,0.662704861093112
C:\Users\kamal\Downloads\ml\data\Audio_Speech_Actors_01-24_16k\Actor_21\03-01-06-01-02-01-21.wav,21,fearful,fearful,0.9309915689337632,0.001019003064158457,0.0035568217906632995,0.0028380162547010715,0.9309915689337632,0.04423143866958567,0.002623933408087439,0.011804403827195902,0.0029348140518448414,0.662704861093112
C:\Users\kamal\Downloads\ml\data\Audio_Speech_Actors_01-24_16k\Actor_17\03-01-06-02-01-01-17.wav,17,fearful,angry,0.575281509280141,0.575281509280141,0.024140555202026785,0.02354489990385901,0.2299271921734185,0.08908169888836105,0.006316665220818865,0.033691519273268467,0.01801596005810661,0.662704861093112
C:\Users\kamal\Downloads\ml\data\Audio_Speech_Actors_01-24_16k\Actor_10\03-01-03-02-02-01-10.wav,10,happy,angry,0.5747040251583709,0.5747040251583709,0.02414973518995703,0.02354592953262386,0.23044417778016624,0.08911165688790267,0.0063157142469988685,0.03371475639919262,0.018014004804788087,0.662704861093112
C:\Users\kamal\Downloads\ml\data\Audio_Speech_Actors_01-24_16k\Actor_09\03-01-04-01-01-02-09.wav,9,sad,calm,0.38523308132669265,0.010507297739965959,0.38523308132669265,0.1110148883013471,0.116236217688964,0.03719494429638398,0.1415086003966982,0.1188647662858476,0.07944020396410083,0.662704861093112
C:\Users\kamal\Downloads\ml\data\Audio_Speech_Actors_01-24_16k\Actor_05\03-01-08-01-02-01-05.wav,5,surprised,surprised,0.6914058183409341,0.10250908890092296,0.0008672114310480884,0.032035602670719,0.013232856586317473,0.08418789530011074,0.04657690444805303,0.029184622321894428,0.6914058183409341,0.662704861093112
C:\Users\kamal\Downloads\ml\data\Audio_Speech_Actors_01-24_16k\Actor_12\03-01-02-01-01-02-12.wav,12,calm,calm,0.7311281744804083,0.0020587485698908294,0.7311281744804083,0.018010325307717616,0.0032108891303985836,0.04859230140729775,0.047616526918590196,0.11041424135712317,0.038968792828573864,0.662704861093112
C:\Users\kamal\Downloads\ml\data\Audio_Speech_Actors_01-24_16k\Actor_04\03-01-06-02-01-01-04.wav,4,fearful,fearful,0.6608967980701772,0.030267456444233867,0.006981212734064823,0.028812901506731246,0.6608967980701772,0.2105410726779364,0.0019299505373542739,0.025448163864065995,0.0351224441654363,0.662704861093112
C:\Users\kamal\Downloads\ml\data\Audio_Speech_Actors_01-24_16k\Actor_01\03-01-04-02-01-01-01.wav,1,sad,sad,0.5979122570504029,0.011069024126733912,0.07946293147131674,0.021972220378766394,0.02335277421816737,0.132985869017524,0.10183834438242716,0.5979122570504029,0.0314065793546617,0.662704861093112
C:\Users\kamal\Downloads\ml\data\Audio_Speech_Actors_01-24_16k\Actor_03\03-01-03-01-01-01-03.wav,3,happy,surprised,0.31601265336771994,0.17585178420358621,0.038316206269542276,0.11217241912942745,0.125217226978627,0.13062978944407788,0.016278781284571563,0.0855211393224476,0.31601265336771994,0.662704861093112
C:\Users\kamal\Downloads\ml\data\Audio_Speech_Actors_01-24_16k\Actor_01\03-01-08-01-01-02-01.wav,1,surprised,surprised,0.25504029023979374,0.01883367752039501,0.08738849113001412,0.06538026655734981,0.08422128381044057,0.25504029023979374,0.12555151375574708,0.13719831500310212,0.22638616198315775,0.662704861093112
C:\Users\kamal\Downloads\ml\data\Audio_Speech_Actors_01-24_16k\Actor_21\03-01-01-01-01-01-21.wav,21,neutral,neutral,0.47758159452972176,0.05459224927665257,0.09829549535454038,0.16754204551861823,0.02655424436044314,0.04758797567441474,0.47758159452972176,0.09890139017538492,0.028945005110224527,0.662704861093112
C:\Users\kamal\Downloads\ml\data\Audio_Speech_Actors_01-24_16k\Actor_22\03-01-05-02-01-02-22.wav,22,angry,angry,0.5633166380903631,0.5633166380903631,0.0006726021810986902,0.012079657379234986,0.013034574242323474,0.3794384325690525,0.0005643953069595683,0.0024869315278724974,0.02840676870309516,0.662704861093112
C:\Users\kamal\Downloads\ml\data\Audio_Speech_Actors_01-24_16k\Actor_15\03-01-02-01-01-01-15.wav,15,calm,calm,0.431299628400906,0.006877798911638975,0.431299628400906,0.027252098662842922,0.009757444596595194,0.03328693819986578,0.27342882303652716,0.1386491228352076,0.07944814535641663,0.662704861093112
C:\Users\kamal\Downloads\ml\data\Audio_Speech_Actors_01-24_16k\Actor_09\03-01-01-01-01-01-09.wav,9,neutral,fearful,0.24078726975230577,0.06847512425129294,0.11171791987295134,0.07220706431793311,0.22957150762626594,0.03041711725782852,0.052003946637249235,0.24078726975230577,0.19482005028417315,0.662704861093112
C:\Users\kamal\Downloads\ml\data\Audio_Speech_Actors_01-24_16k\Actor_17\03-01-02-01-01-01-17.wav,17,calm,neutral,0.4021076199206725,0.0493438982662772,0.12068794907574684,0.20423803124769252,0.03789898269587709,0.090106019531272,0.4021076199206725,0.051534872442762454,0.04408262681969904,0.662704861093112
C:\Users\kamal\Downloads\ml\data\Audio_Speech_Actors_01-24_16k\Actor_15\03-01-07-01-02-02-15.wav,15,disgust,surprised,0.4219103116469889,0.01578035740735056,0.005537727741619651,0.13663437628104502,0.03308847754292699,0.19162619728824118,0.00890238291251674,0.1865201691793109,0.4219103116469889,0.662704861093112
C:\Users\kamal\Downloads\ml\data\Audio_Speech_Actors_01-24_16k\Actor_04\03-01-04-01-02-01-04.wav,4,sad,fearful,0.39901142060056854,0.029912850903303916,0.0027354026617268843,0.012174822295640078,0.39901142060056854,0.296223358789304,0.019096883368958043,0.1147750369889673,0.12607022439153115,0.662704861093112
C:\Users\kamal\Downloads\ml\data\Audio_Speech_Actors_01-24_16k\Actor_13\03-01-02-01-01-01-13.wav,13,calm,calm,0.4847135607626749,0.015990664976362975,0.4847135607626749,0.03293793932293203,0.0065557165810306494,0.04501001475708194,0.14892592980237757,0.24417445350027975,0.021691720297260544,0.662704861093112
C:\Users\kamal\Downloads\ml\data\Audio_Speech_Actors_01-24_16k\Actor_16\03-01-05-01-01-02-16.wav,16,angry,angry,0.9629232796291642,0.9629232796291642,1.1995911652981014e-05,0.016623264033420185,0.00035569734106470434,0.016662678625457342,6.917996632284074e-05,0.000384378967485381,0.0029695255254318445,0.662704861093112
C:\Users\kamal\Downloads\ml\data\Audio_Speech_Actors_01-24_16k\Actor_01\03-01-01-01-02-01-01.wav,1,neutral,neutral,0.36210373341440294,0.019114308023030022,0.10404927512277966,0.08751528208383585,0.043108047190120964,0.11458060061931831,0.36210373341440294,0.20838199419354472,0.0611467593529676,0.662704861093112
C:\Users\kamal\Downloads\ml\data\Audio_Speech_Actors_01-24_16k\Actor_09\03-01-02-02-01-01-09.wav,9,calm,calm,0.9391387601632353,0.0005128631727371765,0.9391387601632353,0.007045350196453056,0.01951231227751581,0.0010089180696232951,0.011358998256318517,0.020247442206383554,0.0011753556577329244,0.662704861093112
C:\Users\kamal\Downloads\ml\data\Audio_Speech_Actors_01-24_16k\Actor_06\03-01-01-01-02-01-06.wav,6,neutral,neutral,0.5617640189844604,0.03294740123226803,0.09223859041407323,0.047045329671930224,0.07453111019314339,0.05853247047555632,0.5617640189844604,0.08872974642118958,0.04421133260737867,0.662704861093112
C:\Users\kamal\Downloads\ml\data\Audio_Speech_Actors_01-24_16k\Actor_19\03-01-07-01-02-01-19.wav,19,disgust,disgust,0.6824431696190548,0.04346493269711456,0.003352371622230903,0.6824431696190548,0.06253349554912252,0.03683520492714222,0.003755655604169473,0.03591909314860692,0.1316960768325587,0.662704861093112
C:\Users\kamal\Downloads\ml\data\Audio_Speech_Actors_01-24_16k\Actor_12\03-01-03-01-02-01-12.wav,12,happy,happy,0.8049272854231464,0.050383312052557645,0.014387892040438955,0.0696627766914339,0.005746743800458254,0.8049272854231464,0.015012404968982991,0.02954824443539372,0.01033134058758776,0.662704861093112
C:\Users\kamal\Downloads\ml\data\Audio_Speech_Actors_01-24_16k\Actor_03\03-01-01-01-02-01-03.wav,3,neutral,sad,0.37737670044266064,0.010153148362616497,0.17257719559208232,0.07934013358434416,0.04920900834815578,0.028200644261312625,0.20301623396351035,0.37737670044266064,0.08012693544531758,0.662704861093112
C:\Users\kamal\Downloads\ml\data\Audio_Speech_Actors_01-24_16k\Actor_11\03-01-03-01-01-02-11.wav,11,happy,disgust,0.5305521582262688,0.008420527819098958,0.033519299993875026,0.5305521582262688,0.1000866844699844,0.17912615173859966,0.0790776324818535,0.022887399748961923,0.046330145521357495,0.662704861093112
C:\Users\kamal\Downloads\ml\data\Audio_Speech_Actors_01-24_16k\Actor_23\03-01-07-01-02-02-23.wav,23,disgust,fearful,0.4607885219908975,0.014078758606311807,0.006846273255093396,0.33487428764193994,0.4607885219908975,0.019357409299831145,0.019543994588309632,0.03153693371862131,0.11297382089899527,0.662704861093112
C:\Users\kamal\Downloads\ml\data\Audio_Speech_Actors_01-24_16k\Actor_10\03-01-04-01-02-02-10.wav,10,sad,sad,0.46602735202251094,0.0008868456369768707,0.11211835170616832,0.3813394690409288,0.01964239598637631,0.004260948950162143,0.012122334235676028,0.46602735202251094,0.0036023024212001285,0.662704861093112
C:\Users\kamal\Downloads\ml\data\Audio_Speech_Actors_01-24_16k\Actor_15\03-01-02-01-02-02-15.wav,15,calm,calm,0.4456997560753258,0.008007466682781154,0.4456997560753258,0.02292276588002035,0.010260054831090921,0.0392943056495859,0.230680304339508,0.16166661546478223,0.08146873107690575,0.662704861093112
C:\Users\kamal\Downloads\ml\data\Audio_Speech_Actors_01-24_16k\Actor_24\03-01-04-01-01-01-24.wav,24,sad,calm,0.528795711974936,0.00243930733652618,0.528795711974936,0.023238251868366498,0.009868105385493611,0.08742574251898654,0.06946280349898486,0.21755291605547006,0.06121716136123648,0.662704861093112
C:\Users\kamal\Downloads\ml\data\Audio_Speech_Actors_01-24_16k\Actor_23\03-01-02-02-02-01-23.wav,23,calm,calm,0.43417937589013894,0.004912347375906185,0.43417937589013894,0.07570829260113533,0.09913316330398667,0.0701838069996726,0.10381146148655644,0.1844990032945112,0.027572549048092757,0.662704861093112
C:\Users\kamal\Downloads\ml\data\Audio_Speech_Actors_01-24_16k\Actor_24\03-01-02-01-02-02-24.wav,24,calm,sad,0.6357250362407869,0.005195112723339362,0.22334290018716155,0.013703536598514823,0.01612029300764758,0.003606031213859736,0.0994657122991477,0.6357250362407869,0.0028413777295422573,0.662704861093112
C:\Users\kamal\Downloads\ml\data\Audio_Speech_Actors_01-24_16k\Actor_09\03-01-08-02-02-02-09.wav,9,surprised,surprised,0.5718066691555069,0.028622506802639922,0.05678450370194721,0.10483230328577935,0.017769984468349872,0.028266413039847373,0.1052284238497581,0.08668919569617126,0.5718066691555069,0.662704861093112
C:\Users\kamal\Downloads\ml\data\Audio_Speech_Actors_01-24_16k\Actor_22\03-01-08-01-02-02-22.wav,22,surprised,surprised,0.5393916605419223,0.023850261973795722,0.002419847568538886,0.16821562877021634,0.060762341824237044,0.16052407555285594,0.003989578614599854,0.0408466051538339,0.5393916605419223,0.662704861093112
C:\Users\kamal\Downloads\ml\data\Audio_Speech_Actors_01-24_16k\Actor_10\03-01-06-01-02-02-10.wav,10,fearful,disgust,0.32406077732568445,0.13020247598274592,0.13327218529203147,0.32406077732568445,0.04754503771370127,0.07287421041360959,0.05140063215775142,0.1938506031329299,0.04679407798154578,0.662704861093112
C:\Users\kamal\Downloads\ml\data\Audio_Speech_Actors_01-24_16k\Actor_16\03-01-04-01-02-01-16.wav,16,sad,calm,0.28800424619703846,0.006874728380889124,0.2072278434064547,0.28800424619703846,0.005442851488197759,0.08707843285407878,0.1552675885143968,0.1981533964826611,0.05195091267628336,0.662704861093112
C:\Users\kamal\Downloads\ml\data\Audio_Speech_Actors_01-24_16k\Actor_21\03-01-08-02-01-02-21.wav,21,surprised,happy,0.5696112099207147,0.10938695071809383,0.000753426736279236,0.005826535915362932,0.01713927256459328,0.5696112099207147,0.0009652421949157756,0.022081284136899942,0.27423607781314024,0.662704861093112
C:\Users\kamal\Downloads\ml\data\Audio_Speech_Actors_01-24_16k\Actor_17\03-01-06-02-02-02-17.wav,17,fearful,fearful,0.5151644884084638,0.32234749391665973,0.015494275894491833,0.01775370582502365,0.5151644884084638,0.08140620233316544,0.003309103213760838,0.02797045811074876,0.016554272297685756,0.662704861093112
C:\Users\kamal\Downloads\ml\data\Audio_Speech_Actors_01-24_16k\Actor_08\03-01-07-02-02-01-08.wav,8,disgust,disgust,0.45308484997371107,0.021939489537724646,0.04450992051879833,0.45308484997371107,0.03871547636153636,0.06347681324410706,0.13948989877882012,0.1597473837643631,0.07903616782093907,0.662704861093112
C:\Users\kamal\Downloads\ml\data\Audio_Speech_Actors_01-24_16k\Actor_07\03-01-03-01-02-01-07.wav,7,happy,fearful,0.6310473503847128,0.006739057911916578,0.0070776498919889515,0.1305407877920137,0.6310473503847128,0.050247268057905276,0.007232270651100559,0.14084845422742315,0.02626716108293909,0.662704861093112
C:\Users\kamal\Downloads\ml\data\Audio_Speech_Actors_01-24_16k\Actor_18\03-01-06-02-01-02-18.wav,18,fearful,fearful,0.6013487240201473,0.09091359906881118,0.00821084171586507,0.05405489253592109,0.6013487240201473,0.1453822761724779,0.003294382698840538,0.08292870299414087,0.013866580793796482,0.662704861093112
C:\Users\kamal\Downloads\ml\data\Audio_Speech_Actors_01-24_16k\Actor_04\03-01-03-02-01-02-04.wav,4,happy,fearful,0.49582353874024127,0.26497607151698166,0.004328321208827942,0.02524057683697081,0.49582353874024127,0.13927502037901554,0.005190442255884621,0.021995812614222402,0.043170216447855764,0.662704861093112
C:\Users\kamal\Downloads\ml\data\Audio_Speech_Actors_01-24_16k\Actor_05\03-01-06-02-02-01-05.wav,5,fearful,fearful,0.5124699778766123,0.0404844412705937,0.0014331964111895755,0.012450895063568605,0.5124699778766123,0.35471284031424133,0.0026555127600383253,0.007301760308899777,0.06849137599485672,0.662704861093112
C:\Users\kamal\Downloads\ml\data\Audio_Speech_Actors_01-24_16k\Actor_04\03-01-08-02-01-01-04.wav,4,surprised,happy,0.396914432384293,0.15112211788529345,0.00841786960759354,0.1076241172972789,0.18811925140701846,0.396914432384293,0.009924112641407136,0.026404046094974584,0.11147405268214101,0.662704861093112
C:\Users\kamal\Downloads\ml\data\Audio_Speech_Actors_01-24_16k\Actor_06\03-01-06-01-01-02-06.wav,6,fearful,fearful,0.4788278660093619,0.036131026024899746,0.02289790874996764,0.042085449240633004,0.4788278660093619,0.27369924075862245,0.03395655137805562,0.04937660260453446,0.06302535523392508,0.662704861093112
C:\Users\kamal\Downloads\ml\data\Audio_Speech_Actors_01-24_16k\Actor_05\03-01-03-01-01-02-05.wav,5,happy,happy,0.32669619853924486,0.04536768792170211,0.06219746680730753,0.07752123478429292,0.022554533692942046,0.32669619853924486,0.17458995869033758,0.02386512159356314,0.2672077979706097,0.662704861093112
C:\Users\kamal\Downloads\ml\data\Audio_Speech_Actors_01-24_16k\Actor_16\03-01-02-01-02-02-16.wav,16,calm,disgust,0.4731360986973201,0.0285396282279983,0.20097818280660898,0.4731360986973201,0.01728484887946745,0.04796290039004465,0.09417381779553846,0.04497476341115157,0.09294975979187035,0.662704861093112
C:\Users\kamal\Downloads\ml\data\Audio_Speech_Actors_01-24_16k\Actor_06\03-01-06-02-01-01-06.wav,6,fearful,angry,0.5747040218733104,0.5747040218733104,0.024149735060401436,0.02354592939461143,0.23044418191459787,0.08911165653924724,0.006315714196756735,0.0337147563192937,0.01801400470178048,0.662704861093112
C:\Users\kamal\Downloads\ml\data\Audio_Speech_Actors_01-24_16k\Actor_09\03-01-08-01-02-01-09.wav,9,surprised,surprised,0.6978815947922058,0.004106821452696037,0.018799010153876982,0.036157970536415854,0.05805286962457922,0.01425297365071222,0.09221170260648652,0.07853705718302714,0.6978815947922058,0.662704861093112
C:\Users\kamal\Downloads\ml\data\Audio_Speech_Actors_01-24_16k\Actor_18\03-01-02-02-02-02-18.wav,18,calm,calm,0.7829189597963547,0.032511022820740504,0.7829189597963547,0.029593125817470887,0.004285176964291509,0.015961261036563555,0.08092754317598959,0.03473037278070485,0.019072537607884188,0.662704861093112
C:\Users\kamal\Downloads\ml\data\Audio_Speech_Actors_01-24_16k\Actor_12\03-01-04-02-02-01-12.wav,12,sad,sad,0.4783737713102104,0.00641606730330731,0.00450887761616938,0.027829687854703182,0.35902492536370084,0.062467469131723595,0.002967674818767968,0.4783737713102104,0.058411526601417574,0.662704861093112
C:\Users\kamal\Downloads\ml\data\Audio_Speech_Actors_01-24_16k\Actor_05\03-01-06-01-02-02-05.wav,5,fearful,fearful,0.5088066405315012,0.007484465693038564,0.0011227309375230164,0.035635812088135876,0.5088066405315012,0.03101315591143508,0.009926328792669959,0.025266335069245045,0.3807445309764517,0.662704861093112
C:\Users\kamal\Downloads\ml\data\Audio_Speech_Actors_01-24_16k\Actor_02\03-01-01-01-01-02-02.wav,2,neutral,disgust,0.21859878893931092,0.17374743498078474,0.21859878893931092,0.1622500036239151,0.007064984273851579,0.07306506477110776,0.1597225479460028,0.03433417278790577,0.17121700267712164,0.662704861093112
C:\Users\kamal\Downloads\ml\data\Audio_Speech_Actors_01-24_16k\Actor_23\03-01-06-02-01-01-23.wav,23,fearful,happy,0.5526714848797909,0.10016745119636493,0.005863446548892651,0.03224270511264178,0.19813602851893158,0.5526714848797909,0.005167491540581745,0.05979227986046432,0.045959112342332395,0.662704861093112
C:\Users\kamal\Downloads\ml\data\Audio_Speech_Actors_01-24_16k\Actor_23\03-01-03-01-02-01-23.wav,23,happy,sad,0.24423864862343153,0.06585415482947563,0.1251144813487693,0.09044952903281238,0.20999783201710223,0.24423864862343153,0.04321203006671902,0.16880844807063555,0.05232487601105486,0.662704861093112
C:\Users\kamal\Downloads\ml\data\Audio_Speech_Actors_01-24_16k\Actor_16\03-01-07-02-01-01-16.wav,16,disgust,disgust,0.7426583306845431,0.056729761995677155,0.025668429661566655,0.7426583306845431,0.01500513650610373,0.06417738044498905,0.013452732348708961,0.054456148631399914,0.027852079727010814,0.662704861093112
C:\Users\kamal\Downloads\ml\data\Audio_Speech_Actors_01-24_16k\Actor_07\03-01-03-01-01-02-07.wav,7,happy,fearful,0.5632866534030235,0.009284478449893645,0.01180456301630639,0.09007505942820711,0.5632866534030235,0.03692153874393924,0.12973360241062004,0.058286713464707575,0.10060739108330274,0.662704861093112
C:\Users\kamal\Downloads\ml\data\Audio_Speech_Actors_01-24_16k\Actor_14\03-01-07-02-01-01-14.wav,14,disgust,angry,0.6575564785889964,0.6575564785889964,0.0014097030751183475,0.22785036075573636,0.0052295679660909,0.04722298883595393,0.005056876172291587,0.010377724582724868,0.04529630002308726,0.662704861093112
C:\Users\kamal\Downloads\ml\data\Audio_Speech_Actors_01-24_16k\Actor_14\03-01-04-02-01-01-14.wav,14,sad,disgust,0.5006296301388858,0.045451677010398726,0.00920432627219619,0.5006296301388858,0.09259484169674474,0.10139253279822669,0.004980274762930032,0.1488474383736658,0.09689927894695159,0.662704861093112
C:\Users\kamal\Downloads\ml\data\Audio_Speech_Actors_01-24_16k\Actor_24\03-01-03-01-01-01-24.wav,24,happy,happy,0.40822405955583435,0.01715897056210491,0.07851456169652024,0.15816572146400668,0.003558339447759963,0.40822405955583435,0.10283664529066658,0.07566945734959915,0.1558722446335077,0.662704861093112
C:\Users\kamal\Downloads\ml\data\Audio_Speech_Actors_01-24_16k\Actor_21\03-01-05-01-01-01-21.wav,21,angry,angry,0.8786587674429643,0.8786587674429643,0.0108443756643585,0.015857810515064893,0.027800075375210495,0.03527045905066686,0.004017227811651556,0.013121827782072208,0.014429456358011095,0.662704861093112
C:\Users\kamal\Downloads\ml\data\Audio_Speech_Actors_01-24_16k\Actor_19\03-01-03-02-02-01-19.wav,19,happy,happy,0.8064633159963651,0.0942525784354558,0.003233060516600838,0.020123634043724654,0.019872682612332392,0.8064633159963651,0.0018966646996689367,0.001403977113992241,0.052754086581860225,0.662704861093112
C:\Users\kamal\Downloads\ml\data\Audio_Speech_Actors_01-24_16k\Actor_07\03-01-07-02-01-01-07.wav,7,disgust,angry,0.9684335553176464,0.9684335553176464,0.0005108939647602685,0.00569451212529022,0.0019272254658582637,0.008023823750358093,0.002512305617067565,0.0008755352551160874,0.012022148503902593,0.662704861093112
C:\Users\kamal\Downloads\ml\data\Audio_Speech_Actors_01-24_16k\Actor_10\03-01-01-01-01-01-10.wav,10,neutral,happy,0.34098477241911584,0.057112335530732666,0.05647037075710423,0.03969089933185574,0.014252384652133165,0.34098477241911584,0.13934019233988393,0.07355867952017818,0.2785903654489965,0.662704861093112
C:\Users\kamal\Downloads\ml\data\Audio_Speech_Actors_01-24_16k\Actor_17\03-01-06-01-02-02-17.wav,17,fearful,angry,0.5302935480529374,0.5302935480529374,0.02191903219095972,0.022319724398441213,0.28086857450875763,0.0875014877575079,0.005585433084285438,0.03205004949636578,0.01946215051074445,0.662704861093112
C:\Users\kamal\Downloads\ml\data\Audio_Speech_Actors_01-24_16k\Actor_20\03-01-02-02-02-02-20.wav,20,calm,calm,0.9066953168537426,0.0036345951063012005,0.9066953168537426,0.0011659666945954515,0.0014772434483116543,0.0037341963395027193,0.037771611862727233,0.04267680175777447,0.002844267937044346,0.662704861093112
C:\Users\kamal\Downloads\ml\data\Audio_Speech_Actors_01-24_16k\Actor_13\03-01-05-02-02-02-13.wav,13,angry,angry,0.5747040251583709,0.5747040251583709,0.02414973518995703,0.02354592953262386,0.23044417778016624,0.08911165688790267,0.0063157142469988685,0.03371475639919262,0.018014004804788087,0.662704861093112
C:\Users\kamal\Downloads\ml\data\Audio_Speech_Actors_01-24_16k\Actor_17\03-01-02-01-01-02-17.wav,17,calm,calm,0.304078816940033,0.02239944086001135,0.304078816940033,0.06846956888002523,0.12836525179423053,0.1483617376940381,0.10289038843041437,0.21688163821295572,0.008553157188291657,0.662704861093112
C:\Users\kamal\Downloads\ml\data\Audio_Speech_Actors_01-24_16k\Actor_11\03-01-07-02-01-02-11.wav,11,disgust,disgust,0.3545327403360539,0.25793571794041076,0.013172621904333423,0.3545327403360539,0.06401227671272508,0.11570180260589083,0.006415991349093122,0.16640750107044236,0.021821348081050684,0.662704861093112
C:\Users\kamal\Downloads\ml\data\Audio_Speech_Actors_01-24_16k\Actor_07\03-01-06-02-01-01-07.wav,7,fearful,fearful,0.7889548953840231,0.005449122541046043,0.0011131862746838125,0.0033154553100602454,0.7889548953840231,0.07055828466686108,0.0010789349879977363,0.08108787795553996,0.048442242879787684,0.662704861093112
C:\Users\kamal\Downloads\ml\data\Audio_Speech_Actors_01-24_16k\Actor_18\03-01-06-02-02-02-18.wav,18,fearful,fearful,0.5453074775043714,0.048608840097239904,0.005861370742271901,0.11879728592032378,0.5453074775043714,0.06945403994375221,0.0048348158340520584,0.18738149407894902,0.0197546758790397,0.662704861093112
C:\Users\kamal\Downloads\ml\data\Audio_Speech_Actors_01-24_16k\Actor_24\03-01-07-02-01-01-24.wav,24,disgust,disgust,0.9593794572765058,0.014183423251857898,4.087087150894488e-05,0.9593794572765058,0.0005035432822282444,0.0015155247005089539,0.00026719915663285553,0.0033802094037745103,0.02072977205698284,0.662704861093112
C:\Users\kamal\Downloads\ml\data\Audio_Speech_Actors_01-24_16k\Actor_19\03-01-02-01-02-01-19.wav,19,calm,sad,0.4850204765569769,0.006175922089867951,0.26501417722219534,0.0025604812106023228,0.0035504116223330105,0.05400807543723856,0.1775110741223313,0.4850204765569769,0.0061593817384546145,0.662704861093112
C:\Users\kamal\Downloads\ml\data\Audio_Speech_Actors_01-24_16k\Actor_13\03-01-02-01-01-02-13.wav,13,calm,calm,0.4168069632534671,0.02470472579729657,0.4168069632534671,0.04904852972844119,0.014345750351269036,0.05195116977203288,0.17291729307995948,0.24627098729137892,0.02395458072615451,0.662704861093112
C:\Users\kamal\Downloads\ml\data\Audio_Speech_Actors_01-24_16k\Actor_11\03-01-08-02-01-01-11.wav,11,surprised,surprised,0.7936326248341029,0.034082917983635025,0.0008918905475091427,0.008016812121917658,0.013214409656112196,0.1419892729337631,0.0013517772007046324,0.00682029472225554,0.7936326248341029,0.662704861093112
C:\Users\kamal\Downloads\ml\data\Audio_Speech_Actors_01-24_16k\Actor_07\03-01-02-02-01-01-07.wav,7,calm,calm,0.28883444537562825,0.02578334376409253,0.284862018741277,0.0804368696122866,0.12610308079413096,0.28883444537562825,0.13392899478683581,0.037873582207541244,0.022177664718207576,0.662704861093112
C:\Users\kamal\Downloads\ml\data\Audio_Speech_Actors_01-24_16k\Actor_11\03-01-04-02-01-02-11.wav,11,sad,happy,0.6833332914764495,0.07524587911458507,0.013493785438009085,0.08838615375087149,0.03884432954143839,0.6833332914764495,0.009362780915128014,0.07064174414919923,0.02069203561431939,0.662704861093112
C:\Users\kamal\Downloads\ml\data\Audio_Speech_Actors_01-24_16k\Actor_07\03-01-03-02-01-01-07.wav,7,happy,happy,0.7358847836913778,0.02552024311890697,0.002627231932496576,0.02360048912972478,0.11395096568025352,0.7358847836913778,0.004231985507120382,0.03648935832793804,0.05769494261218181,0.662704861093112
C:\Users\kamal\Downloads\ml\data\Audio_Speech_Actors_01-24_16k\Actor_14\03-01-06-02-01-01-14.wav,14,fearful,angry,0.4770083089697088,0.4770083089697088,0.019909193495579278,0.018807179493263205,0.3319625428245132,0.10128006866270906,0.004759790152796453,0.029705829302026875,0.016567087099402713,0.662704861093112
C:\Users\kamal\Downloads\ml\data\Audio_Speech_Actors_01-24_16k\Actor_20\03-01-07-02-01-02-20.wav,20,disgust,angry,0.3224563170446223,0.3224563170446223,0.006158350905197995,0.15882323760594813,0.21885503787781238,0.0931762954076195,0.020537205246729102,0.10066344177210722,0.0793301141399632,0.662704861093112
C:\Users\kamal\Downloads\ml\data\Audio_Speech_Actors_01-24_16k\Actor_16\03-01-03-02-01-02-16.wav,16,happy,happy,0.552848462929372,0.3471793972507976,0.00046559088397361874,0.03669743971411613,0.024559070962638218,0.552848462929372,0.0006550774814765858,0.003110895873396155,0.03448406490423001,0.662704861093112
C:\Users\kamal\Downloads\ml\data\Audio_Speech_Actors_01-24_16k\Actor_09\03-01-03-02-01-01-09.wav,9,happy,happy,0.9009866905697946,0.01777718842552972,0.019712218359245522,0.003953839995683985,0.01894278313669964,0.9009866905697946,0.01970017208768136,0.009687085959586865,0.009240021465778799,0.662704861093112
C:\Users\kamal\Downloads\ml\data\Audio_Speech_Actors_01-24_16k\Actor_13\03-01-04-01-01-01-13.wav,13,sad,sad,0.6733745552436978,0.0047365015953163975,0.22192196137124653,0.018186717908396325,0.005413385246463485,0.007121346085617459,0.06483902152631243,0.6733745552436978,0.0044065110229492615,0.662704861093112
C:\Users\kamal\Downloads\ml\data\Audio_Speech_Actors_01-24_16k\Actor_22\03-01-06-02-01-01-22.wav,22,fearful,fearful,0.758446245978212,0.011095370425116708,0.0011741163880875163,0.007885475232419347,0.758446245978212,0.01629484062815255,0.0006519140819135602,0.17518124037026675,0.02927079689583163,0.662704861093112
C:\Users\kamal\Downloads\ml\data\Audio_Speech_Actors_01-24_16k\Actor_11\03-01-08-01-01-02-11.wav,11,surprised,surprised,0.7938681914236662,0.008040752536972222,0.0011645636604803032,0.025781840794844968,0.06263003849491049,0.08924541168476334,0.0020853576921974976,0.01718384371216516,0.7938681914236662,0.662704861093112
C:\Users\kamal\Downloads\ml\data\Audio_Speech_Actors_01-24_16k\Actor_16\03-01-02-01-02-01-16.wav,16,calm,calm,0.4273222785563491,0.01886318940992213,0.4273222785563491,0.27279085736454844,0.0070371927697503505,0.015956232394210623,0.09684395831899721,0.11432923955377797,0.04685705163244387,0.662704861093112
C:\Users\kamal\Downloads\ml\data\Audio_Speech_Actors_01-24_16k\Actor_02\03-01-08-01-02-01-02.wav,2,surprised,surprised,0.8461595836621378,0.039734457144666946,0.0008968085122181312,0.027049948347736625,0.0012249250009750347,0.06520919451371286,0.014791642152068839,0.004933440666483154,0.8461595836621378,0.662704861093112
C:\Users\kamal\Downloads\ml\data\Audio_Speech_Actors_01-24_16k\Actor_19\03-01-07-01-01-01-19.wav,19,disgust,disgust,0.5184398764363893,0.08972756218552719,0.021283444246699944,0.5184398764363893,0.019623959671504307,0.06474950201620198,0.03889445544184433,0.09442229636796892,0.15285890363386365,0.662704861093112
C:\Users\kamal\Downloads\ml\data\Audio_Speech_Actors_01-24_16k\Actor_15\03-01-04-01-02-01-15.wav,15,sad,happy,0.39801677186109236,0.04945102445908916,0.08964374688790058,0.048879526495139186,0.04404791144714752,0.39801677186109236,0.116918019729913,0.20372622745254884,0.049316771667169225,0.662704861093112
C:\Users\kamal\Downloads\ml\data\Audio_Speech_Actors_01-24_16k\Actor_11\03-01-08-02-02-02-11.wav,11,surprised,surprised,0.5650324632967259,0.09008397646383026,0.004525279043301122,0.12775057468505813,0.13452929254849147,0.06283400197449145,0.004340197916393207,0.010904214071708681,0.5650324632967259,0.662704861093112
C:\Users\kamal\Downloads\ml\data\Audio_Speech_Actors_01-24_16k\Actor_19\03-01-08-01-02-01-19.wav,19,surprised,sad,0.2377699778389674,0.06920176569432983,0.13632369833947722,0.127024278229009,0.02055100998963628,0.1900237940399169,0.060203483222354186,0.15890199264630944,0.2377699778389674,0.662704861093112
C:\Users\kamal\Downloads\ml\data\Audio_Speech_Actors_01-24_16k\Actor_09\03-01-04-01-02-02-09.wav,9,sad,calm,0.8163474211394771,0.012471833246172242,0.8163474211394771,0.023309855333529233,0.016892785529916503,0.017825150974899565,0.022176677977816285,0.08119109714505673,0.009785178653132155,0.662704861093112
C:\Users\kamal\Downloads\ml\data\Audio_Speech_Actors_01-24_16k\Actor_06\03-01-08-02-01-02-06.wav,6,surprised,surprised,0.8852238244065432,0.004293775582598394,0.0004583055974876049,0.028859685387273966,0.04257128271815601,0.017111757230250962,0.001585315875354575,0.019896053202334847,0.8852238244065432,0.662704861093112
C:\Users\kamal\Downloads\ml\data\Audio_Speech_Actors_01-24_16k\Actor_23\03-01-02-02-02-02-23.wav,23,calm,calm,0.6190147584705881,0.005997773842880759,0.6190147584705881,0.10700245509149418,0.047128254822662696,0.04353416728749162,0.010340143903292609,0.14646536201444954,0.02051708456714031,0.662704861093112
C:\Users\kamal\Downloads\ml\data\Audio_Speech_Actors_01-24_16k\Actor_09\03-01-06-02-02-01-09.wav,9,fearful,fearful,0.39882424553953766,0.09955596702679093,0.058763085094646506,0.06626696831755181,0.39882424553953766,0.0453263126216369,0.023283006209832834,0.274496481281856,0.03348393390814703,0.662704861093112
C:\Users\kamal\Downloads\ml\data\Audio_Speech_Actors_01-24_16k\Actor_03\03-01-05-02-01-02-03.wav,3,angry,angry,0.588548731604492,0.588548731604492,0.023493460737896085,0.02323405610024139,0.22083525338398893,0.08710346181549589,0.006233687768657838,0.032668696165227336,0.01788265242400075,0.662704861093112
C:\Users\kamal\Downloads\ml\data\Audio_Speech_Actors_01-24_16k\Actor_05\03-01-04-02-01-02-05.wav,5,sad,fearful,0.38536900012035535,0.0023481115956045864,0.06247481346271284,0.016367635329705414,0.38536900012035535,0.05254263132483886,0.07691070278512155,0.3711681704413395,0.032818934940322106,0.662704861093112
C:\Users\kamal\Downloads\ml\data\Audio_Speech_Actors_01-24_16k\Actor_14\03-01-03-01-01-02-14.wav,14,happy,happy,0.5171804113400942,0.11600318901268035,0.005793692946645952,0.053513288199714154,0.044248601105367276,0.5171804113400942,0.012309144890708754,0.03883015956095018,0.21212151294383916,0.662704861093112
C:\Users\kamal\Downloads\ml\data\Audio_Speech_Actors_01-24_16k\Actor_22\03-01-02-02-01-02-22.wav,22,calm,calm,0.4366002618725149,0.021980330791336152,0.4366002618725149,0.18894484308543721,0.008281539363571564,0.2582949746632191,0.057123875015208214,0.023040257287276055,0.005733917921436633,0.662704861093112
C:\Users\kamal\Downloads\ml\data\Audio_Speech_Actors_01-24_16k\Actor_10\03-01-03-01-02-01-10.wav,10,happy,fearful,0.8124653130579164,0.0009429502464340115,0.0015523392786578171,0.007530324131646301,0.8124653130579164,0.0781770931828981,0.0006898828643389009,0.08076730698771217,0.01787479025039674,0.662704861093112
C:\Users\kamal\Downloads\ml\data\Audio_Speech_Actors_01-24_16k\Actor_10\03-01-05-01-01-01-10.wav,10,angry,disgust,0.2904597094675226,0.08002592917992259,0.04787534845798269,0.27597001366126495,0.08997239273976179,0.2904597094675226,0.029390805542013298,0.15069044685381675,0.03561535409771475,0.662704861093112
C:\Users\kamal\Downloads\ml\data\Audio_Speech_Actors_01-24_16k\Actor_23\03-01-03-01-02-02-23.wav,23,happy,disgust,0.34799883772752976,0.025009144303195605,0.039974653384764455,0.2545355945370094,0.34799883772752976,0.09007855569784096,0.03085118426688672,0.1719176379195839,0.03963439216318916,0.662704861093112
C:\Users\kamal\Downloads\ml\data\Audio_Speech_Actors_01-24_16k\Actor_24\03-01-05-02-01-01-24.wav,24,angry,angry,0.7617144557791656,0.7617144557791656,0.013742693189302347,0.016671642821447175,0.10373111229752138,0.06762251818133803,0.0035532691041823823,0.01810206396820094,0.014862244658842333,0.662704861093112
C:\Users\kamal\Downloads\ml\data\Audio_Speech_Actors_01-24_16k\Actor_13\03-01-01-01-01-02-13.wav,13,neutral,calm,0.36095033839612795,0.012301587953931275,0.36095033839612795,0.09671958703138947,0.018374395184673063,0.051436244749084044,0.2333541367629777,0.2037289227592364,0.023134787162580134,0.662704861093112
C:\Users\kamal\Downloads\ml\data\Audio_Speech_Actors_01-24_16k\Actor_08\03-01-06-01-01-01-08.wav,8,fearful,fearful,0.4921461893587524,0.003575140510044013,0.0027889416847552096,0.028090811263370086,0.4921461893587524,0.2444303676966127,0.0021670552548078486,0.06915075532724073,0.1576507389044167,0.662704861093112
C:\Users\kamal\Downloads\ml\data\Audio_Speech_Actors_01-24_16k\Actor_07\03-01-07-02-01-02-07.wav,7,disgust,angry,0.29592012841908927,0.18100586303004176,0.009272130593320823,0.29592012841908927,0.25073769567263254,0.06470618479230832,0.0423425570018753,0.012863502223012812,0.1431519382677194,0.662704861093112
C:\Users\kamal\Downloads\ml\data\Audio_Speech_Actors_01-24_16k\Actor_24\03-01-04-02-01-01-24.wav,24,sad,sad,0.9219120601669055,0.004252072314133619,0.000503858620079067,0.01768999909687266,0.04388112484669282,0.007588558234328939,0.0003513127048943592,0.9219120601669055,0.00382101401609253,0.662704861093112
C:\Users\kamal\Downloads\ml\data\Audio_Speech_Actors_01-24_16k\Actor_21\03-01-08-01-01-01-21.wav,21,surprised,surprised,0.5593235436655561,0.0192841212762845,0.0019311296733316547,0.023862655645184725,0.09372516167569746,0.2573079861020786,0.006251154434786151,0.03831424752708047,0.5593235436655561,0.662704861093112
C:\Users\kamal\Downloads\ml\data\Audio_Speech_Actors_01-24_16k\Actor_06\03-01-04-01-02-01-06.wav,6,sad,neutral,0.37119857008954876,0.01604554130216047,0.0968138762366914,0.07244934029372684,0.13897388870489183,0.018123855908696817,0.2542011584098638,0.37119857008954876,0.03219376905442019,0.662704861093112
C:\Users\kamal\Downloads\ml\data\Audio_Speech_Actors_01-24_16k\Actor_20\03-01-04-02-02-01-20.wav,20,sad,sad,0.8566144186214564,0.0012939988641715071,0.0014471156202004213,0.009862038444651857,0.08478397913379143,0.01628419513724408,0.01354880660055932,0.8566144186214564,0.01616544757792516,0.662704861093112
C:\Users\kamal\Downloads\ml\data\Audio_Speech_Actors_01-24_16k\Actor_03\03-01-05-02-01-01-03.wav,3,angry,angry,0.5750333937261717,0.5750333937261717,0.02414471620722475,0.023545927967178176,0.23016076311116226,0.08908084068112164,0.00631623321769046,0.03370274539598041,0.018015379693470623,0.662704861093112
C:\Users\kamal\Downloads\ml\data\Audio_Speech_Actors_01-24_16k\Actor_24\03-01-03-02-02-02-24.wav,24,happy,fearful,0.42040675268906214,0.028794613015866447,0.002134742153866879,0.03683041443018688,0.42040675268906214,0.4050346812473611,0.001970974931321646,0.021045984980217126,0.08378183655211775,0.662704861093112
C:\Users\kamal\Downloads\ml\data\Audio_Speech_Actors_01-24_16k\Actor_02\03-01-04-02-02-01-02.wav,2,sad,neutral,0.3041098137677872,0.013857533389515165,0.03962842484633516,0.1938052019340305,0.08633393835055023,0.07544860450453364,0.20927128835297973,0.3041098137677872,0.07754519485426854,0.662704861093112
C:\Users\kamal\Downloads\ml\data\Audio_Speech_Actors_01-24_16k\Actor_24\03-01-05-01-02-01-24.wav,24,angry,angry,0.8860519831985005,0.8860519831985005,0.0003080998141866121,0.08010508668936821,0.0006284077682971606,0.018646336466273544,0.00212269670949997,0.0038408406263228333,0.008296548727551237,0.662704861093112
C:\Users\kamal\Downloads\ml\data\Audio_Speech_Actors_01-24_16k\Actor_19\03-01-06-01-01-02-19.wav,19,fearful,fearful,0.5126847834872268,0.004556954073450508,0.007221632054266213,0.08258294055448762,0.5126847834872268,0.05400025363763929,0.0351636136531725,0.23682511632431522,0.06696470621544205,0.662704861093112
C:\Users\kamal\Downloads\ml\data\Audio_Speech_Actors_01-24_16k\Actor_16\03-01-08-02-01-01-16.wav,16,surprised,surprised,0.7490319480856309,0.012624351183261821,0.0035199451497818766,0.04848574354930262,0.07338256145946957,0.05715040017809735,0.006069304836715037,0.0497357455577411,0.7490319480856309,0.662704861093112
C:\Users\kamal\Downloads\ml\data\Audio_Speech_Actors_01-24_16k\Actor_17\03-01-08-01-01-02-17.wav,17,surprised,surprised,0.34446746665369743,0.059798503051962826,0.003959885424920347,0.26003131841342536,0.07246644748696084,0.19330772236895286,0.0030093397990531272,0.06295931680102769,0.34446746665369743,0.662704861093112
C:\Users\kamal\Downloads\ml\data\Audio_Speech_Actors_01-24_16k\Actor_11\03-01-06-01-02-01-11.wav,11,fearful,fearful,0.5809985492763724,0.006799169062917914,0.007514804754056518,0.08141542749059064,0.5809985492763724,0.046633182550598555,0.007844502099038269,0.19104208566023848,0.0777522791061873,0.662704861093112
C:\Users\kamal\Downloads\ml\data\Audio_Speech_Actors_01-24_16k\Actor_07\03-01-08-01-02-01-07.wav,7,surprised,disgust,0.4419850467130959,0.01888311399155322,0.04973906493316885,0.4419850467130959,0.02062679138396614,0.01081024454079235,0.14255829716288684,0.030979799661117594,0.2844176416134186,0.662704861093112
C:\Users\kamal\Downloads\ml\data\Audio_Speech_Actors_01-24_16k\Actor_18\03-01-06-02-01-01-18.wav,18,fearful,fearful,0.5691609948911808,0.11062814737533244,0.004802232809298916,0.13196246718681445,0.5691609948911808,0.036190168853424604,0.005961123939356635,0.08674020520392929,0.05455465974066255,0.662704861093112
C:\Users\kamal\Downloads\ml\data\Audio_Speech_Actors_01-24_16k\Actor_12\03-01-08-01-02-02-12.wav,12,surprised,fearful,0.28322585391686805,0.16297572077357508,0.01498796202110997,0.0394652893853785,0.27048360930715964,0.11548796655688034,0.05232851191309378,0.06104508612593427,0.28322585391686805,0.662704861093112
C:\Users\kamal\Downloads\ml\data\Audio_Speech_Actors_01-24_16k\Actor_01\03-01-07-02-02-02-01.wav,1,disgust,disgust,0.5179050948416818,0.1459064338239725,0.0005683444602845877,0.5179050948416818,0.0057384906183326895,0.06458323539232158,0.0006155330086836953,0.004114176170105348,0.2605686916846177,0.662704861093112
C:\Users\kamal\Downloads\ml\data\Audio_Speech_Actors_01-24_16k\Actor_04\03-01-01-01-01-02-04.wav,4,neutral,neutral,0.5839574837615933,0.07349634714985354,0.046909996995303835,0.029152498462444616,0.0075082925181558565,0.14587252560496872,0.5839574837615933,0.02893376170952909,0.08416909379815035,0.662704861093112
C:\Users\kamal\Downloads\ml\data\Audio_Speech_Actors_01-24_16k\Actor_09\03-01-02-01-02-02-09.wav,9,calm,calm,0.45804437191498937,0.056479786135007884,0.45804437191498937,0.057188950186982265,0.06811963110489126,0.01840185649349285,0.14031996315305054,0.19073384450294137,0.010711596508644127,0.662704861093112
C:\Users\kamal\Downloads\ml\data\Audio_Speech_Actors_01-24_16k\Actor_11\03-01-02-01-01-01-11.wav,11,calm,calm,0.48452919509852616,0.008660590024918969,0.48452919509852616,0.028620680716741058,0.15163880591894055,0.02415929422753769,0.0828505439366424,0.14124424412825576,0.07829664594843762,0.662704861093112
C:\Users\kamal\Downloads\ml\data\Audio_Speech_Actors_01-24_16k\Actor_20\03-01-04-02-01-01-20.wav,20,sad,sad,0.5356252381660115,0.01331907662475243,0.017443565216098016,0.03840802951151575,0.03206028099777093,0.10904601856710375,0.21770839904168077,0.5356252381660115,0.03638939187506676,0.662704861093112
C:\Users\kamal\Downloads\ml\data\Audio_Speech_Actors_01-24_16k\Actor_22\03-01-04-01-01-01-22.wav,22,sad,neutral,0.43234900832739187,0.010251674817701579,0.037207954792057345,0.032735366642982364,0.007181852142494924,0.43234900832739187,0.3999881203615679,0.07169513726902144,0.008590885646782382,0.662704861093112
C:\Users\kamal\Downloads\ml\data\Audio_Speech_Actors_01-24_16k\Actor_24\03-01-04-02-02-02-24.wav,24,sad,fearful,0.5368850188047232,0.012859132015173516,0.011250583792188159,0.0486577581848245,0.5368850188047232,0.0072279680814503105,0.02061051864909233,0.3291706921543401,0.03333832831820751,0.662704861093112
C:\Users\kamal\Downloads\ml\data\Audio_Speech_Actors_01-24_16k\Actor_17\03-01-02-01-02-01-17.wav,17,calm,calm,0.5274447627304494,0.019741279309901893,0.5274447627304494,0.04433451127298853,0.09922850239564573,0.04883442807751624,0.13745531851488024,0.10673632687557931,0.016224870823039236,0.662704861093112
C:\Users\kamal\Downloads\ml\data\Audio_Speech_Actors_01-24_16k\Actor_24\03-01-05-02-02-01-24.wav,24,angry,angry,0.8854293284699619,0.8854293284699619,0.0015219239856843092,0.021056412035915472,0.008455860132383195,0.014908308248394201,0.0013462888336607693,0.003151619182465169,0.06413025911153523,0.662704861093112
C:\Users\kamal\Downloads\ml\data\Audio_Speech_Actors_01-24_16k\Actor_11\03-01-06-02-01-02-11.wav,11,fearful,fearful,0.44640734110748814,0.1914042222680682,0.014001545004541021,0.017029435581458224,0.44640734110748814,0.21530470380834785,0.005181476849560736,0.02684598545414323,0.08382528992639267,0.662704861093112
C:\Users\kamal\Downloads\ml\data\Audio_Speech_Actors_01-24_16k\Actor_08\03-01-05-01-02-01-08.wav,8,angry,angry,0.29883486317825275,0.22596870823373777,0.051298791644920225,0.16145663311847117,0.0075346991188097985,0.09737939824666558,0.04166119097003911,0.11586571548910347,0.29883486317825275,0.662704861093112
C:\Users\kamal\Downloads\ml\data\Audio_Speech_Actors_01-24_16k\Actor_10\03-01-01-01-01-02-10.wav,10,neutral,disgust,0.4847558053412027,0.04307115804443105,0.15142985007568166,0.4847558053412027,0.008162413346419236,0.1126366517862212,0.06519848566854546,0.1019246095724622,0.03282102616503645,0.662704861093112
C:\Users\kamal\Downloads\ml\data\Audio_Speech_Actors_01-24_16k\Actor_07\03-01-05-01-02-01-07.wav,7,angry,sad,0.5335510925424929,0.22344810356986444,0.11005435328196582,0.03602459092500265,0.013626643061849032,0.04119507706564103,0.022289575163480894,0.5335510925424929,0.019810564389703588,0.662704861093112
C:\Users\kamal\Downloads\ml\data\Audio_Speech_Actors_01-24_16k\Actor_19\03-01-02-01-01-01-19.wav,19,calm,calm,0.8910641769793584,0.0010340882710158075,0.8910641769793584,0.0011886948651607652,0.0008664914784257526,0.003767300227923238,0.018967911255523984,0.08108852350475372,0.0020228134178381873,0.662704861093112
C:\Users\kamal\Downloads\ml\data\Audio_Speech_Actors_01-24_16k\Actor_13\03-01-07-01-02-01-13.wav,13,disgust,disgust,0.5654785009274107,0.010610247952599794,0.15628690681833954,0.5654785009274107,0.04093349207068094,0.03859037118009545,0.062322000120779326,0.10508818614173082,0.020690294788363775,0.662704861093112
C:\Users\kamal\Downloads\ml\data\Audio_Speech_Actors_01-24_16k\Actor_24\03-01-04-01-02-01-24.wav,24,sad,calm,0.39801285148197807,0.0092948793257032,0.39801285148197807,0.10226504292746999,0.01664671520820233,0.05886836632377888,0.19398382647175974,0.18671330431442693,0.03421501394668109,0.662704861093112
C:\Users\kamal\Downloads\ml\data\Audio_Speech_Actors_01-24_16k\Actor_02\03-01-07-02-01-01-02.wav,2,disgust,disgust,0.795055562551716,0.06127303780665145,0.006662279508252978,0.795055562551716,0.001945656394614621,0.04690669705135184,0.030911858271618922,0.006311986733698086,0.050932921682096816,0.662704861093112
C:\Users\kamal\Downloads\ml\data\Audio_Speech_Actors_01-24_16k\Actor_02\03-01-05-02-02-01-02.wav,2,angry,angry,0.5747054145812339,0.5747054145812339,0.024149713720428095,0.02354592840126297,0.23044298478036085,0.08911152657465408,0.006315716066705289,0.03371470576807732,0.018014010107277604,0.662704861093112
C:\Users\kamal\Downloads\ml\data\Audio_Speech_Actors_01-24_16k\Actor_19\03-01-07-02-01-02-19.wav,19,disgust,angry,0.6476999745128427,0.6476999745128427,0.0016782769927962424,0.01167437259250745,0.014643275669787938,0.07076601392901229,0.0017704808083177114,0.003201143269304919,0.24856646222543072,0.662704861093112
C:\Users\kamal\Downloads\ml\data\Audio_Speech_Actors_01-24_16k\Actor_07\03-01-02-02-01-02-07.wav,7,calm,sad,0.7562810451328726,0.004218831912610251,0.10364720996154635,0.0089065552437279,0.01769888878795502,0.03518148157995435,0.048572699158010275,0.7562810451328726,0.025493288223323102,0.662704861093112
C:\Users\kamal\Downloads\ml\data\Audio_Speech_Actors_01-24_16k\Actor_17\03-01-04-01-01-02-17.wav,17,sad,sad,0.34025183220307387,0.04000411300404124,0.046224648933245197,0.3242492420300233,0.11068266404610232,0.09640142985077066,0.028725155770032013,0.34025183220307387,0.013460914162711517,0.662704861093112
C:\Users\kamal\Downloads\ml\data\Audio_Speech_Actors_01-24_16k\Actor_18\03-01-04-02-01-01-18.wav,18,sad,sad,0.7491519061547551,0.04397468155823283,0.008610225634505262,0.036827355673749354,0.07571582327809322,0.05008395461277537,0.006459514863048169,0.7491519061547551,0.02917653822484119,0.662704861093112
C:\Users\kamal\Downloads\ml\data\Audio_Speech_Actors_01-24_16k\Actor_07\03-01-05-02-02-01-07.wav,7,angry,angry,0.5747040251583709,0.5747040251583709,0.02414973518995703,0.02354592953262386,0.23044417778016624,0.08911165688790267,0.0063157142469988685,0.03371475639919262,0.018014004804788087,0.662704861093112
C:\Users\kamal\Downloads\ml\data\Audio_Speech_Actors_01-24_16k\Actor_23\03-01-04-01-02-02-23.wav,23,sad,sad,0.46409298380802216,0.006241157817605043,0.25880816769528503,0.0609208294602952,0.14059649886304249,0.022651111734046575,0.010537382438132951,0.46409298380802216,0.036151868183570475,0.662704861093112
C:\Users\kamal\Downloads\ml\data\Audio_Speech_Actors_01-24_16k\Actor_02\03-01-07-02-02-01-02.wav,2,disgust,disgust,0.8454645417292342,0.0071963202925221905,0.00803075466165393,0.8454645417292342,0.02115724612104902,0.049386927810193534,0.03428773393842912,0.006310750496179131,0.028165724950738966,0.662704861093112
C:\Users\kamal\Downloads\ml\data\Audio_Speech_Actors_01-24_16k\Actor_03\03-01-05-01-01-02-03.wav,3,angry,angry,0.5102404364631506,0.5102404364631506,0.002898318892129627,0.015051956221155034,0.07395465318550397,0.18586345957640907,0.009225840917851476,0.050771018776762815,0.15199431596703739,0.662704861093112
C:\Users\kamal\Downloads\ml\data\Audio_Speech_Actors_01-24_16k\Actor_14\03-01-08-02-02-02-14.wav,14,surprised,surprised,0.5757124172978162,0.035964904784146844,0.01178256609068485,0.06572609878477886,0.04418295512106506,0.03014909769035103,0.05171001805875745,0.18477194217239926,0.5757124172978162,0.662704861093112
C:\Users\kamal\Downloads\ml\data\Audio_Speech_Actors_01-24_16k\Actor_04\03-01-06-01-02-01-04.wav,4,fearful,fearful,0.960512797518883,0.0052451702652589775,0.0015392210317834985,0.0013204568349722524,0.960512797518883,0.01768662984016335,0.0027843187666065903,0.009111940075307377,0.0017994656670251553,0.662704861093112
C:\Users\kamal\Downloads\ml\data\Audio_Speech_Actors_01-24_16k\Actor_24\03-01-02-02-01-02-24.wav,24,calm,calm,0.6245638236493012,0.0047058980244923535,0.6245638236493012,0.017548031325371926,0.008643149684055338,0.04816898099657242,0.10878463118626791,0.18207002566258887,0.0055154594713501546,0.662704861093112
C:\Users\kamal\Downloads\ml\data\Audio_Speech_Actors_01-24_16k\Actor_21\03-01-06-02-02-01-21.wav,21,fearful,fearful,0.9085256954989194,0.026804046619893093,0.0013947951402927695,0.0011871967813626573,0.9085256954989194,0.05407888772627487,0.00027768184249309157,0.004022449354580845,0.0037092470361831708,0.662704861093112
C:\Users\kamal\Downloads\ml\data\Audio_Speech_Actors_01-24_16k\Actor_13\03-01-03-02-02-01-13.wav,13,happy,happy,0.6790115039843603,0.041449581621257656,0.00182220064422826,0.012821239464491475,0.10503880704589753,0.6790115039843603,0.0016919630044917875,0.004059205274234472,0.15410549896103856,0.662704861093112
C:\Users\kamal\Downloads\ml\data\Audio_Speech_Actors_01-24_16k\Actor_02\03-01-06-01-01-01-02.wav,2,fearful,fearful,0.9337224354208853,0.003961311774789489,0.0002190109132106765,0.0009662016092207949,0.9337224354208853,0.00845465168706831,0.0006087875310976378,0.029254873085597613,0.02281272797813026,0.662704861093112
C:\Users\kamal\Downloads\ml\data\Audio_Speech_Actors_01-24_16k\Actor_08\03-01-07-01-01-02-08.wav,8,disgust,surprised,0.40326981962731806,0.006824782334284862,0.028284826743681574,0.3266049778948102,0.017469201776717513,0.07627343161669707,0.09203364751184152,0.049239312494649336,0.40326981962731806,0.662704861093112
C:\Users\kamal\Downloads\ml\data\Audio_Speech_Actors_01-24_16k\Actor_06\03-01-04-02-02-01-06.wav,6,sad,sad,0.7045349461622145,0.03380988292933867,0.003944767726400036,0.032325072873102,0.16412212659023415,0.01621108851622979,0.0032662513930301206,0.7045349461622145,0.04178586380945066,0.662704861093112
C:\Users\kamal\Downloads\ml\data\Audio_Speech_Actors_01-24_16k\Actor_24\03-01-06-01-01-01-24.wav,24,fearful,fearful,0.7653729602600889,0.00589355497593983,0.0012168507547447686,0.0079719707323157,0.7653729602600889,0.04207405956945026,0.0007786256128292336,0.07233010588230206,0.10436187221232927,0.662704861093112
C:\Users\kamal\Downloads\ml\data\Audio_Speech_Actors_01-24_16k\Actor_01\03-01-08-02-02-02-01.wav,1,surprised,surprised,0.49535707095684517,0.13259773845027767,0.006708518328180478,0.027564875178567327,0.02066195826459039,0.28163366392246025,0.00854432526903552,0.026931849630043147,0.49535707095684517,0.662704861093112
C:\Users\kamal\Downloads\ml\data\Audio_Speech_Actors_01-24_16k\Actor_07\03-01-07-01-01-01-07.wav,7,disgust,surprised,0.3369126733221091,0.005559028914199283,0.2470991478613029,0.2050084827188657,0.05638811306358323,0.01321784005834176,0.05229679584487318,0.08351791821672494,0.3369126733221091,0.662704861093112
